Date,Open,High,Low,Close,Adj Close,Volume,SMA(20),SMA(60),SMA(120)
2020-01-02,3244.67,3258.14,3235.53,3257.85,3257.85,3459930000,3188.13,3098.75,3024.75
2020-01-03,3226.36,3246.15,3222.34,3234.85,3234.85,3484700000,3194.23,3104.45,3026.59
2020-01-06,3217.55,3246.84,3214.64,3246.28,3246.28,3702460000,3200.67,3109.89,3028.61
2020-01-07,3241.86,3244.91,3232.43,3237.18,3237.18,3435910000,3205.24,3114.88,3030.71
2020-01-08,3238.59,3267.07,3236.67,3253.05,3253.05,3726840000,3211.09,3119.59,3032.86
2020-01-09,3266.03,3275.58,3263.67,3274.7,3274.7,3641230000,3218.2,3124.73,3035.35
2020-01-10,3281.81,3282.99,3260.86,3265.35,3265.35,3214580000,3224.39,3129.23,3037.68
2020-01-13,3271.13,3288.13,3268.43,3288.13,3288.13,3459390000,3230.36,3134.2,3040.04
2020-01-14,3285.35,3294.25,3277.19,3283.15,3283.15,3687620000,3236.08,3138.95,3042.23
2020-01-15,3282.27,3298.66,3280.69,3289.29,3289.29,3721490000,3240.97,3144.01,3044.61
2020-01-16,3302.97,3317.11,3302.82,3316.81,3316.81,3540580000,3247.19,3149.17,3047.04
2020-01-17,3323.66,3329.88,3318.86,3329.62,3329.62,3726220000,3254.11,3154.73,3049.61
2020-01-21,3321.03,3329.79,3316.61,3320.79,3320.79,4104840000,3259.88,3160.01,3052.17
2020-01-22,3330.02,3337.77,3320.04,3321.75,3321.75,3623780000,3264.91,3165.2,3055.02
2020-01-23,3315.77,3326.88,3301.87,3325.54,3325.54,3766710000,3269.99,3170.25,3058.12
2020-01-24,3333.1,3333.18,3281.53,3295.47,3295.47,3708780000,3273.59,3174.51,3061.15
2020-01-27,3247.16,3258.85,3234.5,3243.63,3243.63,3831050000,3273.78,3177.96,3064.47
2020-01-28,3255.35,3285.78,3253.22,3276.24,3276.24,3531570000,3275.59,3181.78,3067.76
2020-01-29,3289.46,3293.47,3271.89,3273.4,3273.4,3600250000,3278.19,3185.72,3071
2020-01-30,3256.45,3285.91,3242.8,3283.66,3283.66,3790350000,3280.84,3189.33,3073.88
2020-01-31,3282.33,3282.33,3214.68,3225.52,3225.52,4529700000,3279.22,3191.78,3076.44
2020-02-03,3235.66,3268.44,3235.66,3248.92,3248.92,3760460000,3279.92,3194.69,3079.49
2020-02-04,3280.61,3306.92,3280.61,3297.59,3297.59,3996900000,3282.49,3198.37,3082.59
2020-02-05,3324.91,3337.58,3313.75,3334.69,3334.69,4121480000,3287.37,3202.53,3086.7
2020-02-06,3344.92,3347.96,3334.39,3345.78,3345.78,3887250000,3292,3206.74,3090.85
2020-02-07,3335.54,3341.42,3322.12,3327.71,3327.71,3733920000,3294.65,3210.75,3094.51
2020-02-10,3318.28,3352.26,3317.77,3352.09,3352.09,3462730000,3298.99,3215.09,3098.08
2020-02-11,3365.87,3375.63,3352.72,3357.75,3357.75,3762940000,3302.47,3219.48,3101.89
2020-02-12,3370.5,3381.47,3369.72,3379.45,3379.45,3930910000,3307.29,3224.2,3105.69
2020-02-13,3365.9,3385.09,3360.52,3373.94,3373.94,3500890000,3311.52,3228.42,3109.44
2020-02-14,3378.08,3380.69,3366.15,3380.16,3380.16,3419700000,3314.69,3232.72,3113.89
2020-02-18,3369.04,3375.01,3355.61,3370.29,3370.29,3750400000,3316.72,3236.89,3117.99
2020-02-19,3380.39,3393.52,3378.83,3386.15,3386.15,3614200000,3319.99,3241.52,3122.29
2020-02-20,3380.45,3389.15,3341.02,3373.23,3373.23,4019180000,3322.56,3246.01,3126.34
2020-02-21,3360.5,3360.76,3328.45,3337.75,3337.75,3908780000,3323.17,3249.8,3129.78
2020-02-24,3257.61,3259.81,3214.65,3225.89,3225.89,4851160000,3319.69,3251.34,3132.28
2020-02-25,3238.94,3246.99,3118.77,3128.21,3128.21,5596760000,3313.92,3251.14,3134.13
2020-02-26,3139.9,3182.51,3108.99,3116.39,3116.39,5484650000,3305.93,3250.52,3135.61
2020-02-27,3062.54,3097.07,2977.39,2978.76,2978.76,7064710000,3291.2,3247.81,3135.64
2020-02-28,2916.9,2959.72,2855.84,2954.22,2954.22,8569570000,3274.72,3245.15,3135.43
2020-03-02,2974.28,3090.96,2945.19,3090.23,3090.23,6381330000,3267.96,3245.1,3136.36
2020-03-03,3096.46,3136.72,2976.63,3003.37,3003.37,6376510000,3255.68,3243.28,3136.56
2020-03-04,3045.75,3130.97,3034.38,3130.12,3130.12,5073020000,3247.31,3243.49,3137.64
2020-03-05,3075.7,3083.04,2999.83,3023.94,3023.94,5579290000,3231.77,3241.46,3137.76
2020-03-06,2954.2,2985.93,2901.54,2972.37,2972.37,6555240000,3213.1,3238.73,3137.47
2020-03-09,2863.89,2863.89,2734.43,2746.56,2746.56,8441290000,3184.04,3232.3,3135.37
2020-03-10,2813.48,2882.59,2734,2882.23,2882.23,7642040000,3160.55,3227.98,3134.35
2020-03-11,2825.6,2825.6,2707.22,2741.38,2741.38,7431200000,3129.73,3220.86,3132.13
2020-03-12,2630.86,2660.95,2478.86,2480.64,2480.64,8850810000,3084.79,3209.39,3127.75
2020-03-13,2569.99,2711.33,2492.37,2711.02,2711.02,8299070000,3051.65,3201.38,3125.41
2020-03-16,2508.59,2562.98,2380.94,2386.13,2386.13,7805450000,3001.94,3187.94,3120.36
2020-03-17,2425.66,2553.93,2367.04,2529.19,2529.19,8370250000,2959.89,3176.91,3116.71
2020-03-18,2436.5,2453.57,2280.52,2398.1,2398.1,8799300000,2910.49,3163.45,3111.83
2020-03-19,2393.48,2466.97,2319.78,2409.39,2409.39,7956100000,2862.29,3149.92,3107.09
2020-03-20,2431.94,2453.01,2295.56,2304.92,2304.92,9053950000,2810.65,3134.6,3101.62
2020-03-23,2290.71,2300.73,2191.86,2237.4,2237.4,7411380000,2761.23,3118.17,3095.45
2020-03-24,2344.44,2449.71,2344.44,2447.33,2447.33,7563150000,2727.18,3104.96,3091.35
2020-03-25,2457.77,2571.42,2407.53,2475.56,2475.56,8300010000,2695.14,3092.22,3087.91
2020-03-26,2501.29,2637.01,2500.72,2630.07,2630.07,7766990000,2677.71,3082.37,3085.58
2020-03-27,2555.87,2615.91,2520.02,2541.47,2541.47,6201670000,2657.07,3070.88,3082.15
2020-03-30,2558.98,2631.8,2545.28,2626.65,2626.65,5751120000,2633.89,3060.36,3079.55
2020-03-31,2614.69,2641.39,2571.15,2584.59,2584.59,6576210000,2612.95,3049.52,3076.98
2020-04-01,2498.08,2522.75,2447.49,2470.5,2470.5,5964000000,2579.97,3036.59,3073.24
2020-04-02,2458.54,2533.22,2455.79,2526.9,2526.9,6464190000,2555.12,3024.75,3069.81
2020-04-03,2514.92,2538.18,2459.96,2488.65,2488.65,6096970000,2530.93,3012.01,3065.8
2020-04-06,2578.28,2676.85,2574.57,2663.68,2663.68,6403840000,2526.79,3001.83,3063.28
2020-04-07,2738.65,2756.89,2657.67,2659.41,2659.41,7050410000,2515.65,2991.73,3060.48
2020-04-08,2685,2760.75,2663.3,2749.98,2749.98,5875710000,2516.08,2982.76,3058.48
2020-04-09,2776.99,2818.57,2762.36,2789.82,2789.82,7899550000,2531.54,2974.54,3056.75
2020-04-13,2782.46,2782.46,2721.17,2761.63,2761.63,5319530000,2534.07,2965.74,3054.88
2020-04-14,2805.1,2851.85,2805.1,2846.06,2846.06,5615730000,2557.07,2957.9,3053.54
2020-04-15,2795.64,2801.88,2761.54,2783.36,2783.36,5208000000,2569.77,2948.79,3051.76
2020-04-16,2799.34,2806.51,2764.32,2799.55,2799.55,5228810000,2589.85,2940.11,3050.06
2020-04-17,2842.43,2879.22,2830.88,2874.56,2874.56,5804810000,2613.1,2932.65,3048.93
2020-04-20,2845.62,2868.98,2820.43,2823.16,2823.16,5228630000,2639.02,2924.28,3047.26
2020-04-21,2784.81,2785.54,2727.1,2736.56,2736.56,5121010000,2663.97,2914.97,3044.74
2020-04-22,2787.89,2815.1,2775.95,2799.31,2799.31,5084920000,2681.57,2907.56,3042.76
2020-04-23,2810.42,2844.9,2794.26,2797.8,2797.8,5773530000,2697.69,2899.59,3040.69
2020-04-24,2812.64,2842.71,2791.76,2836.74,2836.74,5382810000,2708.02,2892.31,3039.01
2020-04-27,2854.65,2887.72,2852.89,2878.48,2878.48,5203930000,2724.87,2885.56,3037.44
2020-04-28,2909.96,2921.15,2860.71,2863.39,2863.39,5691160000,2736.71,2879.52,3035.65
2020-04-29,2918.46,2954.86,2912.16,2939.51,2939.51,6645640000,2754.45,2874.36,3034.52
2020-04-30,2930.91,2930.91,2892.47,2912.43,2912.43,6544980000,2776.55,2867.94,3033.16
2020-05-01,2869.09,2869.09,2821.61,2830.71,2830.71,4759810000,2791.74,2859.54,3031.03
2020-05-04,2815.01,2844.24,2797.85,2842.74,2842.74,4735930000,2809.44,2851.16,3028.95
2020-05-05,2868.88,2898.23,2863.55,2868.44,2868.44,5140290000,2819.68,2843.51,3027.13
2020-05-06,2883.14,2891.11,2847.65,2848.42,2848.42,4892570000,2829.13,2835.11,3025.1
2020-05-07,2878.26,2901.92,2876.48,2881.19,2881.19,5178790000,2835.69,2827.17,3023.32
2020-05-08,2908.83,2932.16,2902.88,2929.8,2929.8,4876030000,2842.69,2819.67,3021.93
2020-05-11,2915.46,2944.25,2903.44,2930.19,2930.19,4819730000,2851.12,2812.28,3020.35
2020-05-12,2939.5,2945.82,2869.59,2870.12,2870.12,5119630000,2852.32,2803.78,3018.25
2020-05-13,2865.86,2874.14,2793.15,2820,2820,6151650000,2854.16,2794.61,3015.75
2020-05-14,2794.54,2852.8,2766.64,2852.5,2852.5,5651130000,2856.8,2785.71,3013.62
2020-05-15,2829.95,2865.01,2816.78,2863.7,2863.7,5507700000,2856.26,2777.22,3011.62
2020-05-18,2913.86,2968.09,2913.86,2953.91,2953.91,6373670000,2862.8,2770.82,3010.31
2020-05-19,2948.59,2964.21,2922.35,2922.94,2922.94,4984330000,2872.12,2765.77,3008.56
2020-05-20,2953.63,2980.29,2953.63,2971.61,2971.61,5005380000,2880.73,2763.16,3007.15
2020-05-21,2969.95,2978.5,2938.57,2948.51,2948.51,4976620000,2888.27,2760.37,3005.44
2020-05-22,2948.05,2956.76,2933.59,2955.45,2955.45,3970860000,2894.2,2759.98,3003.89
2020-05-26,3004.08,3021.72,2988.17,2991.77,2991.77,5848500000,2899.87,2760.6,3002.88
2020-05-27,3015.65,3036.25,2969.75,3036.13,3036.13,6398000000,2908.5,2759.7,3002.4
2020-05-28,3046.61,3068.67,3023.4,3029.73,3029.73,5447020000,2913.01,2760.14,3001.71
2020-05-29,3025.17,3049.17,2998.61,3044.31,3044.31,7297550000,2919.61,2758.71,3001.1
2020-06-01,3038.78,3062.18,3031.54,3055.73,3055.73,4684170000,2930.86,2759.24,3000.35
2020-06-02,3064.78,3081.07,3051.64,3080.82,3080.82,5197150000,2942.76,2761.05,2999.89
2020-06-03,3098.9,3130.94,3098.9,3122.87,3122.87,6005560000,2955.49,2767.32,2999.81
2020-06-04,3111.56,3128.91,3090.41,3112.35,3112.35,6451290000,2968.68,2771.15,2999.56
2020-06-05,3163.84,3211.72,3163.84,3193.93,3193.93,8639300000,2984.32,2778.7,2999.78
2020-06-08,3199.92,3233.13,3196,3232.39,3232.39,8498300000,2999.45,2791.23,3000.31
2020-06-09,3213.32,3222.71,3193.11,3207.18,3207.18,6410930000,3013.3,2799.5,3000.44
2020-06-10,3213.42,3223.27,3181.49,3190.14,3190.14,6598870000,3029.3,2812.9,3000.42
2020-06-11,3123.53,3123.53,2999.49,3002.1,3002.1,7037320000,3038.4,2820.78,2998.84
2020-06-12,3071.04,3088.42,2984.47,3041.31,3041.31,5845330000,3047.84,2831.5,2997.47
2020-06-15,2993.76,3079.76,2965.66,3066.59,3066.59,5757480000,3057.99,2842.45,2996.19
2020-06-16,3131,3153.45,3076.06,3124.74,3124.74,5845810000,3066.53,2856.11,2995.36
2020-06-17,3136.13,3141.16,3108.03,3113.49,3113.49,4560450000,3076.06,2870.72,2994.44
2020-06-18,3101.64,3120,3093.51,3115.34,3115.34,4448690000,3083.24,2881.85,2993.41
2020-06-19,3140.29,3155.53,3083.11,3097.74,3097.74,8346650000,3090.71,2892.22,2992.22
2020-06-22,3094.42,3120.92,3079.39,3117.86,3117.86,4686690000,3098.83,2900.35,2991.36
2020-06-23,3138.7,3154.9,3127.12,3131.29,3131.29,4711850000,3105.8,2910.18,2990.53
2020-06-24,3114.4,3115.01,3032.13,3050.33,3050.33,5597680000,3106.51,2917.24,2988.8
2020-06-25,3046.6,3086.25,3024.01,3083.76,3083.76,4847690000,3109.21,2925.56,2987.54
2020-06-26,3073.2,3073.73,3004.63,3009.05,3009.05,8107850000,3107.45,2934.54,2985.56
2020-06-29,3018.59,3053.89,2999.74,3053.24,3053.24,4473970000,3107.33,2943.31,2984.03
2020-06-30,3050.2,3111.51,3047.83,3100.29,3100.29,4705850000,3108.3,2953.5,2982.76
2020-07-01,3105.92,3128.44,3101.17,3115.86,3115.86,4449230000,3107.95,2961.04,2981.43
2020-07-02,3143.64,3165.81,3124.52,3130.01,3130.01,4197720000,3108.83,2968.88,2980.31
2020-07-06,3155.29,3182.59,3155.29,3179.72,3179.72,4759160000,3108.12,2976.04,2979.4
2020-07-07,3166.44,3184.15,3142.93,3145.32,3145.32,4571330000,3103.77,2981.97,2978.25
2020-07-08,3153.07,3171.8,3136.53,3169.94,3169.94,4937310000,3101.91,2988.77,2977.26
2020-07-09,3176.17,3179.78,3115.7,3152.05,3152.05,4843650000,3100,2993.87,2975.89
2020-07-10,3152.47,3186.82,3136.22,3185.04,3185.04,4524190000,3109.15,3000.57,2974.68
2020-07-13,3205.08,3235.32,3149.43,3155.22,3155.22,4902440000,3114.84,3006.5,2973.3
2020-07-14,3141.11,3200.95,3127.66,3197.52,3197.52,4507140000,3121.39,3011.88,2972.27
2020-07-15,3225.98,3238.28,3200.76,3226.56,3226.56,4686830000,3126.48,3018.6,2971.44
2020-07-16,3208.36,3220.39,3198.59,3215.57,3215.57,3972860000,3131.59,3026.59,2970.78
2020-07-17,3224.21,3233.52,3205.65,3224.73,3224.73,4012850000,3137.06,3033.68,2970.62
2020-07-20,3224.29,3258.61,3215.16,3251.84,3251.84,3979340000,3144.76,3041.24,2970.41
2020-07-21,3268.52,3277.29,3247.77,3257.3,3257.3,4556610000,3151.73,3048.25,2970.28
2020-07-22,3254.86,3279.32,3253.1,3276.02,3276.02,4267160000,3158.97,3054.88,2970.22
2020-07-23,3271.64,3279.99,3222.66,3235.66,3235.66,4296760000,3168.24,3061.08,2970.3
2020-07-24,3218.58,3227.26,3200.05,3215.63,3215.63,3689410000,3174.83,3065.69,2970.02
2020-07-27,3219.84,3241.43,3214.25,3239.41,3239.41,3970310000,3186.35,3071.14,2969.54
2020-07-28,3234.27,3243.72,3216.17,3218.44,3218.44,4053180000,3194.61,3077.6,2968.57
2020-07-29,3227.22,3264.74,3227.22,3258.44,3258.44,4478200000,3202.51,3084.53,2967.84
2020-07-30,3231.76,3250.92,3204.13,3246.22,3246.22,4264920000,3209.03,3090.82,2967.16
2020-07-31,3270.45,3272.17,3220.26,3271.12,3271.12,5007530000,3216.09,3097.87,2966.49
2020-08-03,3288.26,3302.73,3284.53,3294.61,3294.61,4438940000,3221.83,3104.76,2965.96
2020-08-04,3289.92,3306.84,3286.37,3306.51,3306.51,4414380000,3229.89,3111.04,2965.35
2020-08-05,3317.37,3330.77,3317.37,3327.77,3327.77,4535060000,3237.78,3117.66,2964.97
2020-08-06,3323.17,3351.03,3318.14,3349.16,3349.16,4278930000,3247.64,3125.65,2964.71
2020-08-07,3340.05,3352.54,3328.72,3351.28,3351.28,4110030000,3255.95,3134.5,2964.55
2020-08-10,3356.04,3363.29,3335.44,3360.47,3360.47,4327920000,3266.21,3142.97,2964.34
2020-08-11,3370.34,3381.01,3326.44,3333.69,3333.69,4880540000,3273.02,3150.8,2964.01
2020-08-12,3355.46,3387.89,3355.46,3380.35,3380.35,3772250000,3280.71,3157.91,2964.36
2020-08-13,3372.95,3387.24,3363.35,3373.43,3373.43,3438730000,3288.6,3165.42,2965.59
2020-08-14,3368.66,3378.51,3361.64,3372.85,3372.85,3200060000,3296.01,3172.1,2967.63
2020-08-17,3380.86,3387.59,3379.22,3381.99,3381.99,3460330000,3302.52,3179.33,2969.85
2020-08-18,3387.04,3395.06,3370.15,3389.78,3389.78,3669550000,3309.14,3186.57,2973.27
2020-08-19,3392.51,3399.54,3369.66,3374.85,3374.85,3679480000,3314.08,3192.95,2976.78
2020-08-20,3360.48,3390.8,3354.69,3385.51,3385.51,3431040000,3321.58,3198.77,2979.24
2020-08-21,3386.01,3399.96,3379.31,3397.16,3397.16,3505010000,3330.65,3204.9,2982.52
2020-08-24,3418.09,3432.09,3413.13,3431.28,3431.28,3743410000,3340.25,3211.35,2985.03
2020-08-25,3435.95,3444.21,3425.84,3443.62,3443.62,3627650000,3351.5,3217.81,2988.53
2020-08-26,3449.97,3481.07,3444.15,3478.73,3478.73,3780530000,3362.52,3224.44,2992.75
2020-08-27,3485.14,3501.38,3468.35,3484.55,3484.55,3955890000,3374.44,3230.47,2998.9
2020-08-28,3494.69,3509.23,3484.32,3508.01,3508.01,3868510000,3386.28,3237.07,3004.11
2020-08-31,3509.73,3514.77,3493.25,3500.31,3500.31,4348280000,3396.57,3242.17,3010.43
2020-09-01,3507.44,3528.03,3494.6,3526.65,3526.65,4101490000,3407.57,3247.08,3019.15
2020-09-02,3543.76,3588.11,3535.23,3580.84,3580.84,4295640000,3420.23,3253.3,3026.4
2020-09-03,3564.74,3564.85,3427.41,3455.06,3455.06,4911830000,3425.52,3257.72,3035.31
2020-09-04,3453.6,3479.15,3349.63,3426.96,3426.96,4438720000,3429.3,3264.8,3042.79
2020-09-08,3371.88,3379.97,3329.27,3331.84,3331.84,4694330000,3427.87,3269.64,3050.57
2020-09-09,3369.82,3424.77,3366.84,3398.96,3398.96,3932520000,3431.14,3275.18,3058.82
2020-09-10,3412.56,3425.55,3329.25,3339.19,3339.19,4208630000,3429.08,3278.76,3067.44
2020-09-11,3352.7,3368.95,3310.47,3340.97,3340.97,3710090000,3427.46,3282.55,3076.63
2020-09-14,3363.56,3402.93,3363.56,3383.54,3383.54,3839580000,3427.99,3287.02,3084.43
2020-09-15,3407.73,3419.48,3389.25,3401.2,3401.2,4057190000,3428.95,3292.08,3092.15
2020-09-16,3411.23,3428.92,3384.45,3385.49,3385.49,4718900000,3428.74,3296.54,3098.44
2020-09-17,3346.86,3375.17,3328.82,3357.01,3357.01,4379840000,3427.84,3300.3,3105.24
2020-09-18,3357.38,3362.27,3292.4,3319.47,3319.47,7076400000,3424.54,3304.78,3111.01
2020-09-21,3285.57,3285.57,3229.1,3281.06,3281.06,4836070000,3418.74,3308.07,3116.82
2020-09-22,3295.75,3320.31,3270.95,3315.57,3315.57,3974510000,3412.95,3313.18,3123.86
2020-09-23,3320.11,3323.35,3232.57,3236.92,3236.92,4378650000,3402.62,3316.24,3129.78
2020-09-24,3226.14,3278.7,3209.45,3246.59,3246.59,4601920000,3391.01,3318.68,3136.09
2020-09-25,3236.66,3306.88,3228.44,3298.46,3298.46,3803330000,3381.71,3321.72,3141.38
2020-09-28,3333.9,3360.74,3332.91,3351.6,3351.6,3950910000,3373.88,3325.42,3147.15
2020-09-29,3350.92,3357.92,3327.54,3335.47,3335.47,3661590000,3365.64,3328.01,3152.03
2020-09-30,3341.21,3393.56,3340.47,3363,3363,4738640000,3357.46,3331.64,3156.81
2020-10-01,3385.87,3397.18,3361.39,3380.8,3380.8,4076340000,3347.46,3335.16,3161.97
2020-10-02,3338.94,3369.1,3323.69,3348.42,3348.42,3975180000,3342.13,3338.43,3166.15
2020-10-05,3367.27,3409.57,3367.27,3408.6,3408.6,3692720000,3341.21,3342.15,3171.36
2020-10-06,3408.74,3431.56,3354.54,3360.97,3360.97,4453390000,3342.66,3345.58,3176.04
2020-10-07,3384.56,3426.26,3384.56,3419.44,3419.44,3814750000,3343.69,3349.28,3180.58
2020-10-08,3434.28,3447.28,3428.15,3446.83,3446.83,3867640000,3349.07,3352.95,3185.78
2020-10-09,3459.67,3482.34,3458.07,3477.14,3477.14,3944090000,3355.88,3357.31,3191.95
2020-10-12,3500.02,3549.85,3499.61,3534.22,3534.22,3435760000,3363.41,3362.47,3198.07
2020-10-13,3534.01,3534.01,3500.86,3511.93,3511.93,3611100000,3368.95,3366.81,3204.02
2020-10-14,3515.47,3527.94,3480.55,3488.67,3488.67,3858510000,3374.11,3370.66,3209.46
2020-10-15,3453.72,3489.08,3440.89,3483.34,3483.34,3724550000,3380.43,3374.12,3214.5
2020-10-16,3493.5,3515.76,3480.45,3483.81,3483.81,4688030000,3388.64,3378.25,3219.67
2020-10-19,3493.66,3502.42,3419.93,3426.92,3426.92,4091080000,3395.94,3381.77,3223.73
2020-10-20,3439.38,3476.93,3435.65,3443.12,3443.12,3917850000,3402.31,3385.17,3228.15
2020-10-21,3439.91,3464.86,3433.06,3435.56,3435.56,4103960000,3412.24,3388.79,3233.19
2020-10-22,3438.5,3460.53,3415.34,3453.49,3453.49,4172060000,3422.59,3392.04,3238.28
2020-10-23,3464.9,3466.46,3440.45,3465.39,3465.39,3651600000,3430.94,3395.69,3243.26
2020-10-26,3441.42,3441.42,3364.86,3400.97,3400.97,4002210000,3433.4,3397.86,3247.86
2020-10-27,3403.15,3409.51,3388.71,3390.68,3390.68,3962400000,3436.17,3399.46,3252.11
2020-10-28,3342.48,3342.48,3268.89,3271.03,3271.03,5139970000,3431.57,3398.87,3254.95
2020-10-29,3277.17,3341.05,3259.82,3310.11,3310.11,4911860000,3428.03,3398.57,3258.12
2020-10-30,3293.59,3304.93,3233.94,3269.96,3269.96,4843930000,3424.11,3397.25,3261.45
2020-11-02,3296.2,3330.14,3279.74,3310.24,3310.24,4314690000,3419.19,3396.57,3265.53
2020-11-03,3336.25,3389.49,3336.25,3369.16,3369.16,4241380000,3419.6,3396.71,3269.84
2020-11-04,3406.46,3486.25,3405.17,3443.44,3443.44,4790400000,3420.8,3398.54,3274.67
2020-11-05,3485.74,3529.05,3485.74,3510.45,3510.45,4858150000,3423.98,3400.71,3279.31
2020-11-06,3508.34,3521.58,3484.34,3509.44,3509.44,4842460000,3425.6,3402.98,3284.2
2020-11-09,3583.04,3645.99,3547.48,3550.5,3550.5,8570510000,3426.41,3405.94,3289.02
2020-11-10,3543.26,3557.22,3511.91,3545.53,3545.53,6037470000,3428.09,3408.66,3294
2020-11-11,3563.22,3581.16,3557,3572.66,3572.66,4635560000,3432.29,3411.71,3299.14
2020-11-12,3562.67,3569.02,3518.58,3537.01,3537.01,4909660000,3434.97,3414.41,3303.68
2020-11-13,3552.57,3593.66,3552.57,3585.15,3585.15,4719580000,3440.04,3417.74,3308.26
2020-11-16,3600.16,3628.51,3600.16,3626.91,3626.91,5295510000,3450.04,3421.57,3313.23
2020-11-17,3610.31,3623.11,3588.68,3609.53,3609.53,4812180000,3458.36,3424.54,3317.94
2020-11-18,3612.09,3619.09,3567.33,3567.79,3567.79,5284810000,3464.97,3426.61,3322.21
2020-11-19,3559.41,3585.22,3543.84,3581.87,3581.87,4363370000,3471.39,3428.33,3326.39
2020-11-20,3579.31,3581.23,3556.85,3557.54,3557.54,4236370000,3476,3429.55,3330.01
2020-11-23,3566.82,3589.81,3552.77,3577.59,3577.59,5057550000,3484.83,3430.71,3333.89
2020-11-24,3594.52,3642.31,3594.52,3635.41,3635.41,6280290000,3497.07,3432.96,3337.57
2020-11-25,3635.5,3635.5,3617.76,3629.65,3629.65,4910440000,3515,3434.67,3340.88
2020-11-27,3638.55,3644.31,3629.33,3638.35,3638.35,2778390000,3531.41,3435.63,3344.47
2020-11-30,3634.18,3634.18,3594.39,3621.63,3621.63,6308410000,3548.99,3438.41,3348.06
2020-12-01,3645.87,3678.45,3645.87,3662.45,3662.45,5418480000,3566.6,3442.33,3353.57
2020-12-02,3653.78,3670.96,3644.84,3669.01,3669.01,5041250000,3581.6,3447.95,3358.8
2020-12-03,3668.28,3682.73,3657.17,3666.72,3666.72,5065340000,3592.76,3452.42,3363.8
2020-12-04,3670.94,3699.2,3670.94,3699.12,3699.12,5099620000,3602.19,3458.42,3368.59
2020-12-07,3694.73,3697.41,3678.88,3691.96,3691.96,4804500000,3611.32,3464.26,3373.41
2020-12-08,3683.05,3708.45,3678.83,3702.25,3702.25,4584390000,3618.91,3469.58,3378.3
2020-12-09,3705.98,3712.39,3660.54,3672.82,3672.82,5232800000,3625.27,3474.1,3383.09
2020-12-10,3659.13,3678.49,3645.18,3668.1,3668.1,4658480000,3630.04,3478.81,3387.68
2020-12-11,3656.08,3665.91,3633.4,3663.46,3663.46,4375470000,3636.37,3483.92,3392.11
2020-12-14,3675.27,3697.61,3645.84,3647.49,3647.49,4623850000,3639.48,3489.39,3397.09
2020-12-15,3666.41,3695.29,3659.62,3694.62,3694.62,4387080000,3642.87,3496.28,3402.18
2020-12-16,3696.25,3711.27,3688.57,3701.17,3701.17,4067040000,3647.45,3502.71,3407.94
2020-12-17,3713.65,3725.12,3710.87,3722.48,3722.48,4192810000,3655.18,3510.8,3413.52
2020-12-18,3722.39,3726.7,3685.84,3709.41,3709.41,7097100000,3661.56,3518.51,3418.6
2020-12-21,3684.28,3702.9,3636.48,3694.92,3694.92,4748580000,3668.43,3525.12,3423.42
2020-12-22,3698.08,3698.26,3676.16,3687.26,3687.26,4053310000,3673.91,3530.72,3428.07
2020-12-23,3693.42,3711.24,3689.28,3690.01,3690.01,3779160000,3676.64,3536.63,3432.32
2020-12-24,3694.03,3703.82,3689.32,3703.06,3703.06,1883780000,3680.31,3542.29,3436.97
2020-12-28,3723.03,3740.51,3723.03,3735.36,3735.36,3535460000,3685.17,3548.2,3441.68
2020-12-29,3750.01,3756.12,3723.31,3727.04,3727.04,3393290000,3690.44,3554.51,3446.47
2020-12-30,3736.19,3744.63,3730.21,3732.04,3732.04,3154850000,3693.92,3559.9,3451.03
2020-12-31,3733.27,3760.2,3726.88,3756.07,3756.07,3179040000,3698.27,3566.49,3456.04
2021-01-04,3764.61,3769.99,3662.71,3700.65,3700.65,5015000000,3699.96,3571.17,3460.23
2021-01-05,3698.02,3737.83,3695.07,3726.86,3726.86,4591020000,3701.35,3575.84,3464.4
2021-01-06,3712.2,3783.04,3705.34,3748.14,3748.14,6064110000,3704.16,3580.36,3468.84
2021-01-07,3764.71,3811.55,3764.71,3803.79,3803.79,5099160000,3709.24,3584.85,3473.66
2021-01-08,3815.05,3826.69,3783.6,3824.68,3824.68,4773040000,3716.83,3590.06,3478.43
2021-01-11,3803.14,3817.86,3789.02,3799.61,3799.61,4465430000,3723.41,3595.25,3482.95
2021-01-12,3801.62,3810.78,3776.51,3801.19,3801.19,4994950000,3730.29,3600.54,3487.33
2021-01-13,3802.23,3820.96,3791.5,3809.84,3809.84,4602510000,3738.41,3605.98,3492.12
2021-01-14,3814.98,3823.6,3792.86,3795.54,3795.54,5198480000,3743.46,3612.12,3496.95
2021-01-15,3788.73,3788.73,3749.62,3768.25,3768.25,5369820000,3746.81,3617.54,3501.36
2021-01-19,3781.88,3804.53,3780.37,3798.91,3798.91,5014440000,3750.63,3623.6,3506.19
2021-01-20,3816.22,3859.75,3816.22,3851.85,3851.85,4566190000,3757.75,3630.24,3511.14
2021-01-21,3857.46,3861.45,3845.05,3853.07,3853.07,4501760000,3765.66,3636.7,3516.19
2021-01-22,3844.24,3852.31,3830.41,3841.47,3841.47,5110890000,3773.37,3644.04,3520.95
2021-01-25,3851.68,3859.23,3797.16,3855.36,3855.36,7000840000,3781.64,3651.78,3525.62
2021-01-26,3862.96,3870.9,3847.78,3849.62,3849.62,6137500000,3788.97,3661.43,3530.15
2021-01-27,3836.83,3836.83,3732.48,3750.77,3750.77,9976520000,3789.74,3668.77,3533.67
2021-01-28,3755.75,3830.5,3755.75,3787.38,3787.38,6992770000,3792.75,3677.39,3537.32
2021-01-29,3778.05,3778.05,3694.12,3714.24,3714.24,6643370000,3791.86,3684.13,3540.35
2021-02-01,3731.17,3784.32,3725.62,3773.86,3773.86,5436230000,3792.75,3690.87,3543.79
2021-02-02,3791.84,3843.09,3791.84,3826.31,3826.31,5514090000,3799.04,3697.25,3547.9
2021-02-03,3840.27,3847.51,3816.68,3830.17,3830.17,4864870000,3804.2,3702.58,3551.65
2021-02-04,3836.66,3872.42,3836.66,3871.74,3871.74,4879240000,3810.38,3708.62,3555.8
2021-02-05,3878.3,3894.56,3874.93,3886.83,3886.83,4879470000,3814.53,3714.23,3560.08
2021-02-08,3892.59,3915.77,3892.59,3915.59,3915.59,4648360000,3819.08,3720.39,3564.53
2021-02-09,3910.49,3918.35,3902.64,3911.23,3911.23,4568320000,3824.66,3726.04,3568.87
2021-02-10,3920.78,3931.5,3884.94,3909.88,3909.88,4837070000,3830.1,3732.25,3573.33
2021-02-11,3916.4,3925.99,3890.39,3916.38,3916.38,4590960000,3835.42,3737.77,3577.76
2021-02-12,3911.65,3937.23,3905.78,3934.83,3934.83,4135060000,3842.39,3742.9,3582.24
2021-02-16,3939.61,3950.43,3923.85,3932.59,3932.59,5058990000,3850.6,3748.29,3586.41
2021-02-17,3918.5,3933.61,3900.43,3931.33,3931.33,4730650000,3857.23,3754.35,3590.48
2021-02-18,3915.86,3921.98,3885.03,3913.97,3913.97,4793650000,3860.33,3759.88,3594.11
2021-02-19,3921.16,3930.41,3903.07,3906.71,3906.71,4845320000,3863.01,3765.7,3597.62
2021-02-22,3885.55,3902.92,3874.71,3876.5,3876.5,5917100000,3864.76,3770.68,3600.69
2021-02-23,3857.07,3895.98,3805.59,3881.37,3881.37,6296610000,3866.07,3774.78,3603.87
2021-02-24,3873.71,3928.65,3859.6,3925.43,3925.43,6012790000,3869.86,3779.71,3607.19
2021-02-25,3915.8,3925.02,3814.04,3829.34,3829.34,6547470000,3873.78,3782.9,3609.26
2021-02-26,3839.66,3861.08,3789.54,3811.15,3811.15,6526070000,3874.97,3786.05,3612.23
2021-03-01,3842.51,3914.5,3842.51,3901.82,3901.82,5114820000,3884.35,3790.04,3616.19
2021-03-02,3903.64,3906.41,3868.57,3870.29,3870.29,5536010000,3889.17,3793.4,3620.68
2021-03-03,3863.99,3874.47,3818.86,3819.72,3819.72,6173660000,3888.84,3795.95,3624.18
2021-03-04,3818.53,3843.67,3723.34,3768.47,3768.47,7195400000,3885.76,3797.1,3627.76
2021-03-05,3793.58,3851.69,3730.19,3841.94,3841.94,6851070000,3884.27,3799.6,3631.93
2021-03-08,3844.39,3881.06,3819.25,3821.35,3821.35,5871710000,3880.99,3801.59,3635.58
2021-03-09,3851.93,3903.76,3851.93,3875.44,3875.44,5513560000,3878.99,3804.97,3639.53
2021-03-10,3891.99,3917.35,3885.73,3898.81,3898.81,5847380000,3878.37,3808.81,3643.81
2021-03-11,3915.54,3960.27,3915.54,3939.34,3939.34,5312880000,3879.84,3813.41,3648.67
2021-03-12,3924.52,3944.99,3915.21,3943.34,3943.34,4476280000,3881.19,3818.34,3653.86
2021-03-15,3942.96,3970.08,3923.54,3968.94,3968.94,4900100000,3882.89,3822.91,3659.6
2021-03-16,3973.59,3981.04,3953.44,3962.71,3962.71,4613080000,3884.4,3827.27,3664.99
2021-03-17,3949.57,3983.87,3935.74,3974.12,3974.12,4561660000,3886.54,3831.46,3671.13
2021-03-18,3953.5,3969.62,3910.86,3915.46,3915.46,5118590000,3886.61,3834.9,3676.71
2021-03-19,3913.14,3930.12,3886.75,3913.1,3913.1,7757420000,3886.93,3838.54,3681.83
2021-03-22,3916.48,3955.31,3914.16,3940.59,3940.59,4316260000,3890.14,3842.76,3686.74
2021-03-23,3937.6,3949.13,3901.57,3910.52,3910.52,4669010000,3891.59,3846.43,3691.53
2021-03-24,3919.93,3942.08,3889.07,3889.14,3889.14,4783020000,3889.78,3849.53,3695.91
2021-03-25,3879.34,3919.54,3853.5,3909.52,3909.52,4948340000,3893.79,3852.44,3700.32
2021-03-26,3917.12,3978.19,3917.12,3974.54,3974.54,5483160000,3901.96,3856.56,3705.54
2021-03-29,3969.31,3981.83,3943.25,3971.09,3971.09,4628180000,3905.42,3860.55,3710.22
2021-03-30,3963.34,3968.01,3944.35,3958.55,3958.55,4121510000,3909.83,3863.92,3715.2
2021-03-31,3967.25,3994.41,3966.98,3972.89,3972.89,4578050000,3917.49,3868.46,3719.82
2021-04-01,3992.78,4020.63,3992.78,4019.87,4019.87,4162130000,3930.06,3873.34,3724.59
2021-04-05,4034.44,4083.42,4034.44,4077.91,4077.91,4005030000,3941.86,3878.84,3729.6
2021-04-06,4075.57,4086.23,4068.14,4073.94,4073.94,4081270000,3954.49,3883.34,3734.1
2021-04-07,4074.29,4083.13,4068.31,4079.95,4079.95,4120810000,3964.72,3887.59,3738.83
2021-04-08,4089.95,4098.19,4082.54,4097.17,4097.17,3907100000,3974.63,3892.55,3743.9
2021-04-09,4096.11,4129.48,4095.51,4128.8,4128.8,3640390000,3984.11,3898.01,3749.28
2021-04-12,4124.71,4131.76,4114.82,4127.99,4127.99,3588900000,3993.34,3903.32,3754.65
2021-04-13,4130.1,4148,4124.43,4141.59,4141.59,3734720000,4001.97,3909.08,3760.6
2021-04-14,4141.58,4151.69,4120.87,4124.66,4124.66,3985350000,4010.07,3915.02,3766.28
2021-04-15,4139.76,4173.49,4139.76,4170.42,4170.42,4033420000,4019.89,3921.22,3772.41
2021-04-16,4174.14,4191.31,4170.75,4185.47,4185.47,4163820000,4033.39,3926.78,3778.51
2021-04-19,4179.8,4180.81,4150.47,4163.26,4163.26,3810290000,4045.89,3931.95,3784.32
2021-04-20,4159.18,4159.18,4118.38,4134.94,4134.94,4342650000,4055.61,3936.84,3790.44
2021-04-21,4128.42,4175.02,4126.35,4173.42,4173.42,3887250000,4068.76,3942.14,3796.96
2021-04-22,4170.46,4179.57,4123.69,4134.98,4134.98,4245140000,4081.05,3946.89,3804.16
2021-04-23,4138.78,4194.17,4138.78,4180.17,4180.17,3569880000,4094.58,3954.05,3811.41
2021-04-26,4185.03,4194.19,4182.36,4187.62,4187.62,3748320000,4105.23,3960.72,3819.06
2021-04-27,4188.25,4193.35,4176.22,4186.72,4186.72,3710700000,4116.02,3968.6,3826.36
2021-04-28,4185.14,4201.53,4181.78,4183.18,4183.18,3787360000,4127.25,3975.42,3833.15
2021-04-29,4206.14,4218.78,4176.81,4211.47,4211.47,4298680000,4139.18,3981.84,3839.55
2021-04-30,4198.1,4198.1,4174.85,4181.17,4181.17,4300880000,4147.24,3987.69,3845.14
2021-05-03,4191.98,4209.39,4188.03,4192.66,4192.66,4070220000,4152.98,3993.04,3850.83
2021-05-04,4179.04,4179.04,4128.59,4164.66,4164.66,4452460000,4157.52,3997.67,3855.95
2021-05-05,4177.06,4187.72,4160.94,4167.59,4167.59,4230920000,4161.9,4001.87,3861.13
2021-05-06,4169.14,4202.7,4147.33,4201.62,4201.62,4511000000,4167.12,4006.71,3866.37
2021-05-07,4210.34,4238.04,4201.64,4232.6,4232.6,4016080000,4172.31,4012.09,3872.17
2021-05-10,4228.29,4236.39,4188.13,4188.43,4188.43,4560700000,4175.33,4016.62,3877.2
2021-05-11,4150.34,4162.04,4111.53,4152.1,4152.1,4870710000,4175.86,4020.24,3881.57
2021-05-12,4130.55,4134.73,4056.88,4063.04,4063.04,4733070000,4172.78,4022.41,3885.35
2021-05-13,4074.99,4131.58,4074.99,4112.5,4112.5,4779540000,4169.88,4025.43,3889.89
2021-05-14,4129.58,4183.13,4129.58,4173.85,4173.85,4008880000,4169.3,4029.77,3894.82
2021-05-17,4169.92,4171.92,4142.69,4163.29,4163.29,4125050000,4169.3,4034.04,3899.87
2021-05-18,4165.94,4169.15,4125.99,4127.83,4127.83,4398150000,4168.95,4038.23,3904.46
2021-05-19,4098.45,4116.93,4061.41,4115.68,4115.68,4247450000,4166.06,4042.14,3908.46
2021-05-20,4121.97,4172.8,4121.97,4159.12,4159.12,3978880000,4167.27,4046.03,3912.87
2021-05-21,4168.61,4188.72,4151.72,4155.86,4155.86,3995250000,4166.05,4051.47,3917.18
2021-05-24,4170.16,4209.52,4170.16,4197.05,4197.05,3684800000,4166.52,4057.9,3921.98
2021-05-25,4205.94,4213.42,4182.52,4188.13,4188.13,4182250000,4166.59,4062.68,3926.36
2021-05-26,4191.59,4202.61,4184.11,4195.99,4195.99,4420890000,4167.23,4068.1,3930.75
2021-05-27,4201.94,4213.38,4197.78,4200.88,4200.88,6406310000,4166.7,4074.46,3935.2
2021-05-28,4210.77,4218.36,4203.57,4204.11,4204.11,4649250000,4167.85,4081.72,3939.41
2021-06-01,4216.52,4234.12,4197.59,4202.04,4202.04,5074670000,4168.32,4087.72,3943.66
2021-06-02,4206.82,4217.37,4198.27,4208.12,4208.12,5833670000,4170.49,4094.17,3947.88
2021-06-03,4191.43,4204.39,4167.93,4192.85,4192.85,5587970000,4171.75,4099.46,3952.21
2021-06-04,4206.05,4233.45,4206.05,4229.89,4229.89,4139790000,4173.17,4104.97,3956.89
2021-06-07,4229.34,4232.34,4215.66,4226.52,4226.52,4476920000,4172.86,4109.76,3961.58
2021-06-08,4233.81,4236.74,4208.41,4227.26,4227.26,4659620000,4174.81,4114.49,3966.42
2021-06-09,4232.99,4237.09,4218.74,4219.55,4219.55,4713260000,4178.18,4118.67,3970.79
2021-06-10,4228.56,4249.74,4220.34,4239.18,4239.18,4408210000,4186.99,4123.28,3975.27
2021-06-11,4242.9,4248.38,4232.25,4247.44,4247.44,3815010000,4193.73,4127.83,3979.65
2021-06-14,4248.31,4255.59,4234.07,4255.15,4255.15,4151200000,4197.8,4133.49,3984.2
2021-06-15,4255.28,4257.16,4238.35,4246.59,4246.59,4048940000,4201.96,4139.05,3988.79
2021-06-16,4248.87,4251.89,4202.45,4223.7,4223.7,4538350000,4206.76,4143.77,3993.26
2021-06-17,4220.37,4232.29,4196.05,4221.86,4221.86,5312680000,4212.06,4148.96,3997.7
2021-06-18,4204.78,4204.78,4164.4,4166.45,4166.45,6817010000,4212.43,4153.58,4001.56
2021-06-21,4173.4,4226.24,4173.4,4224.79,4224.79,4128950000,4215.88,4158.84,4005.64
2021-06-22,4224.61,4255.84,4217.27,4246.44,4246.44,3828390000,4218.35,4163.37,4009.96
2021-06-23,4249.27,4256.6,4241.43,4241.84,4241.84,3730350000,4221.03,4167.88,4014.21
2021-06-24,4256.97,4271.28,4256.97,4266.49,4266.49,3816660000,4224.56,4173.01,4018.47
2021-06-25,4274.45,4286.12,4271.16,4280.7,4280.7,7341450000,4228.55,4178.14,4023.3
2021-06-28,4284.9,4292.14,4274.67,4290.61,4290.61,4147890000,4232.87,4182.65,4028
2021-06-29,4293.21,4300.52,4287.04,4291.8,4291.8,3707150000,4237.36,4186.22,4032.53
2021-06-30,4290.65,4302.43,4287.96,4297.5,4297.5,4266040000,4241.83,4189.95,4036.64
2021-07-01,4300.73,4320.66,4300.73,4319.94,4319.94,3788230000,4248.19,4193.95,4040.77
2021-07-02,4326.6,4355.43,4326.6,4352.34,4352.34,3225840000,4254.31,4198.2,4045.38
2021-07-06,4356.46,4356.46,4314.37,4343.54,4343.54,4309570000,4260.16,4201.78,4049.9
2021-07-07,4351.01,4361.88,4329.79,4358.13,4358.13,4037380000,4266.7,4205.61,4054.46
2021-07-08,4321.07,4330.88,4289.37,4320.82,4320.82,4347500000,4271.77,4208.6,4058.84
2021-07-09,4329.38,4371.6,4329.38,4369.55,4369.55,3531120000,4278.28,4212.68,4063.85
2021-07-12,4372.41,4386.68,4364.03,4384.63,4384.63,3384460000,4285.14,4216.25,4068.73
2021-07-13,4381.07,4392.37,4366.92,4369.21,4369.21,3695430000,4290.85,4219.31,4073.05
2021-07-14,4380.11,4393.68,4362.36,4374.3,4374.3,4006370000,4297.23,4222.83,4077.39
2021-07-15,4369.02,4369.02,4340.7,4360.03,4360.03,3905230000,4304.05,4226.58,4081.71
2021-07-16,4367.43,4375.09,4322.53,4327.16,4327.16,3985700000,4309.31,4229.15,4085.64
2021-07-19,4296.4,4296.4,4233.13,4258.49,4258.49,5157660000,4313.92,4231.2,4089.05
2021-07-20,4265.11,4336.84,4262.05,4323.06,4323.06,4438270000,4318.83,4233.59,4093.82
2021-07-21,4331.13,4359.7,4331.13,4358.69,4358.69,3810280000,4324.44,4236.44,4098.58
2021-07-22,4361.27,4369.87,4350.06,4367.48,4367.48,3358300000,4330.72,4239.45,4104.02
2021-07-23,4381.2,4415.18,4381.2,4411.79,4411.79,4540070000,4337.99,4243.26,4109.34
2021-07-26,4409.58,4422.73,4405.45,4422.3,4422.3,4275630000,4345.07,4246.77,4114.31
2021-07-27,4416.38,4416.38,4372.51,4401.46,4401.46,4241950000,4350.61,4250.44,4119.07
2021-07-28,4402.95,4415.47,4387.01,4400.64,4400.64,4215290000,4356.05,4253.91,4123.47
2021-07-29,4403.59,4429.97,4403.59,4419.15,4419.15,4044600000,4362.14,4258.15,4127.91
2021-07-30,4395.12,4412.25,4389.65,4395.26,4395.26,3956740000,4365.9,4261.95,4131.91
2021-08-02,4406.86,4422.18,4384.81,4387.16,4387.16,3724090000,4367.64,4265.04,4135.87
2021-08-03,4392.74,4423.79,4373,4423.15,4423.15,3965190000,4371.62,4268.22,4140.15
2021-08-04,4415.95,4416.17,4400.23,4402.66,4402.66,4260760000,4373.85,4271.79,4144.2
2021-08-05,4408.86,4429.76,4408.86,4429.1,4429.1,3769410000,4379.26,4276.4,4148.32
2021-08-06,4429.07,4440.82,4429.07,4436.52,4436.52,3451870000,4382.61,4282.63,4152.52
2021-08-09,4437.77,4439.39,4424.74,4432.35,4432.35,3449280000,4385,4287.96,4156.7
2021-08-10,4435.79,4445.21,4430.03,4436.75,4436.75,3886610000,4388.38,4292.34,4161.05
2021-08-11,4442.18,4449.44,4436.42,4442.41,4442.41,3532560000,4391.78,4296.99,4165.52
2021-08-12,4446.08,4461.77,4435.96,4460.83,4460.83,3375310000,4396.82,4302.54,4170.39
2021-08-13,4464.84,4468.37,4460.82,4468,4468,3016470000,4403.86,4308.41,4175.27
2021-08-16,4461.65,4480.26,4437.66,4479.71,4479.71,3370640000,4414.92,4313.76,4179.89
2021-08-17,4462.12,4462.12,4417.83,4448.08,4448.08,3836960000,4421.17,4318.63,4185.05
2021-08-18,4440.94,4454.32,4397.59,4400.27,4400.27,3755590000,4423.25,4322.01,4189.96
2021-08-19,4382.44,4418.61,4367.73,4405.8,4405.8,4398410000,4425.17,4325.64,4194.16
2021-08-20,4410.56,4444.35,4406.8,4441.67,4441.67,3652610000,4426.66,4329.74,4198.92
2021-08-23,4450.29,4489.88,4450.29,4479.53,4479.53,3576530000,4429.53,4334.38,4204.42
2021-08-24,4484.4,4492.81,4482.28,4486.23,4486.23,3979220000,4433.76,4339.08,4210.4
2021-08-25,4490.45,4501.71,4485.66,4496.19,4496.19,3444700000,4438.54,4343.99,4215.85
2021-08-26,4493.75,4495.9,4468.99,4470,4470,3263980000,4441.08,4348.35,4221.26
2021-08-27,4474.1,4513.33,4474.1,4509.37,4509.37,3331200000,4446.79,4353.63,4226.54
2021-08-30,4513.76,4537.36,4513.76,4528.79,4528.79,3168660000,4453.87,4358.61,4231.79
2021-08-31,4529.75,4531.39,4515.8,4522.68,4522.68,4290710000,4458.85,4363.54,4236.65
2021-09-01,4528.8,4537.11,4522.02,4524.09,4524.09,4057340000,4464.92,4368.49,4241.49
2021-09-02,4534.48,4545.85,4524.66,4536.95,4536.95,3735990000,4470.31,4373.78,4246.22
2021-09-03,4532.42,4541.45,4521.3,4535.43,4535.43,3217530000,4475.26,4378.72,4251
2021-09-07,4535.38,4535.38,4513,4520.03,4520.03,3822960000,4479.64,4383.26,4255.55
2021-09-08,4518.09,4521.79,4493.95,4514.07,4514.07,3750880000,4483.51,4387.58,4260.53
2021-09-09,4513.02,4529.9,4492.07,4493.28,4493.28,3735390000,4486.05,4391.69,4265.37
2021-09-10,4506.92,4520.47,4457.66,4458.58,4458.58,3623180000,4485.94,4395.6,4269.69
2021-09-13,4474.81,4492.99,4445.7,4468.73,4468.73,3914220000,4485.97,4399.72,4274.34
2021-09-14,4479.33,4485.68,4435.46,4443.05,4443.05,3670460000,4484.14,4404.33,4278.95
2021-09-15,4447.49,4486.87,4438.37,4480.7,4480.7,4032020000,4485.77,4408.59,4283.71
2021-09-16,4477.09,4485.87,4443.8,4473.75,4473.75,3984560000,4489.45,4412.38,4287.87
2021-09-17,4469.74,4471.52,4427.76,4432.99,4432.99,7289530000,4490.81,4415.57,4291.72
2021-09-20,4402.95,4402.95,4305.91,4357.73,4357.73,4898070000,4486.61,4417.09,4295.05
2021-09-21,4374.45,4394.87,4347.96,4354.19,4354.19,3920920000,4480.34,4418.31,4298.23
2021-09-22,4367.43,4416.75,4367.43,4395.64,4395.64,3939170000,4475.81,4420.06,4301.36
2021-09-23,4406.75,4465.4,4406.75,4448.98,4448.98,3916350000,4473.45,4422.68,4304.45
2021-09-24,4438.04,4463.12,4430.27,4455.48,4455.48,3384290000,4472.73,4425.31,4307.63
2021-09-27,4442.12,4457.3,4436.19,4443.11,4443.11,4058650000,4469.41,4427.37,4310.66
2021-09-28,4419.54,4419.54,4346.33,4352.63,4352.63,4416550000,4460.6,4427.37,4312.79
2021-09-29,4362.41,4385.57,4355.08,4359.46,4359.46,3712660000,4452.44,4427.64,4314.71
2021-09-30,4370.67,4382.55,4306.24,4307.54,4307.54,4448140000,4441.62,4426.79,4316.2
2021-10-01,4317.16,4375.19,4288.52,4357.04,4357.04,4010370000,4432.62,4427.4,4318
2021-10-04,4348.84,4355.51,4278.94,4300.46,4300.46,4307870000,4420.87,4426.25,4319.46
2021-10-05,4309.87,4369.23,4309.87,4345.72,4345.72,3902890000,4412.16,4425.6,4320.93
2021-10-06,4319.57,4365.57,4290.49,4363.55,4363.55,4009630000,4404.63,4425.5,4322.41
2021-10-07,4383.73,4429.97,4383.73,4399.76,4399.76,3843740000,4399.95,4425.93,4324.38
2021-10-08,4406.51,4412.02,4386.22,4391.34,4391.34,3280160000,4396.59,4426.45,4326.52
2021-10-11,4385.44,4415.88,4360.59,4361.19,4361.19,3281970000,4391.22,4427.02,4328.08
2021-10-12,4368.31,4374.89,4342.09,4350.65,4350.65,3558450000,4386.6,4428.55,4329.88
2021-10-13,4358.01,4372.87,4329.92,4363.8,4363.8,3620070000,4380.75,4429.23,4331.41
2021-10-14,4386.75,4439.73,4386.75,4438.26,4438.26,3598280000,4378.98,4430.56,4333.5
2021-10-15,4447.69,4475.82,4447.69,4471.37,4471.37,3819380000,4380.9,4432.29,4335.87
2021-10-18,4463.72,4488.75,4447.47,4486.46,4486.46,3662010000,4387.33,4433.53,4338.4
2021-10-19,4497.34,4520.4,4496.41,4519.63,4519.63,3459130000,4395.6,4435.16,4340.96
2021-10-20,4524.42,4540.87,4524.4,4536.19,4536.19,3670760000,4402.63,4437.4,4343.92
2021-10-21,4532.24,4551.44,4526.89,4549.78,4549.78,3822330000,4407.67,4439.89,4346.9
2021-10-22,4546.12,4559.67,4524,4544.9,4544.9,3758220000,4412.14,4441.98,4350.07
2021-10-25,4553.69,4572.62,4537.36,4566.48,4566.48,3899400000,4418.31,4444.84,4353.39
2021-10-26,4578.69,4598.53,4569.17,4574.79,4574.79,3879740000,4429.42,4447.96,4356.5
2021-10-27,4580.22,4584.57,4551.66,4551.68,4551.68,4226050000,4439.03,4450.11,4359.16
2021-10-28,4562.84,4597.55,4562.84,4596.42,4596.42,4132950000,4453.47,4453.34,4362.56
2021-10-29,4572.87,4608.08,4567.59,4605.38,4605.38,4510200000,4465.89,4456.27,4366.34
2021-11-01,4610.62,4620.34,4595.06,4613.67,4613.67,3971540000,4481.55,4459.23,4370.93
2021-11-02,4613.34,4635.15,4613.34,4630.65,4630.65,3975250000,4495.8,4462.53,4375.24
2021-11-03,4630.65,4663.46,4621.19,4660.57,4660.57,4319660000,4510.65,4466.26,4379.3
2021-11-04,4662.93,4683,4662.59,4680.06,4680.06,4462300000,4524.66,4470.22,4383.61
2021-11-05,4699.26,4718.5,4681.32,4697.53,4697.53,4467180000,4539.97,4474.17,4388.35
2021-11-08,4701.48,4714.92,4694.39,4701.7,4701.7,4269710000,4557,4478.06,4393.24
2021-11-09,4707.25,4708.53,4670.87,4685.25,4685.25,4117080000,4573.73,4481.49,4397.62
2021-11-10,4670.26,4684.85,4630.86,4646.71,4646.71,4503720000,4587.87,4484.8,4401.71
2021-11-11,4659.39,4664.55,4648.31,4649.27,4649.27,3926870000,4598.42,4488.95,4405.48
2021-11-12,4655.24,4688.47,4650.77,4682.85,4682.85,3728600000,4609,4493.57,4409.6
2021-11-15,4689.3,4697.42,4672.86,4682.8,4682.8,3488410000,4618.82,4497.59,4413.66
2021-11-16,4679.42,4714.95,4679.42,4700.9,4700.9,3972640000,4627.88,4501.27,4417.83
2021-11-17,4701.5,4701.5,4684.41,4688.67,4688.67,3969070000,4635.5,4504.65,4421.87
2021-11-18,4700.72,4708.8,4672.78,4704.54,4704.54,4226410000,4643.24,4508.12,4426.05
2021-11-19,4708.44,4717.75,4694.22,4697.96,4697.96,4253180000,4650.89,4511.92,4430.14
2021-11-22,4712,4743.83,4682.17,4682.94,4682.94,4441100000,4656.72,4514.81,4434.22
2021-11-23,4678.48,4699.39,4652.66,4690.7,4690.7,4277590000,4662.51,4517.51,4438.06
2021-11-24,4675.78,4702.87,4659.89,4701.46,4701.46,3418430000,4670,4520.49,4442.02
2021-11-26,4664.63,4664.63,4585.43,4594.62,4594.62,3517700000,4669.91,4521.67,4445.08
2021-11-29,4628.75,4672.95,4625.26,4655.27,4655.27,4336410000,4672.41,4523.64,4448.71
2021-11-30,4640.25,4646.02,4560,4567,4567,6625990000,4670.07,4524.17,4451.44
2021-12-01,4602.82,4652.94,4510.27,4513.04,4513.04,5366730000,4664.19,4524.05,4453.65
2021-12-02,4504.73,4595.46,4504.73,4577.1,4577.1,5077180000,4660.02,4525.1,4456.34
2021-12-03,4589.49,4608.03,4495.12,4538.43,4538.43,5240070000,4652.94,4525.85,4458.77
2021-12-06,4548.37,4612.6,4540.51,4591.67,4591.67,4770800000,4647.64,4528.07,4461.84
2021-12-07,4631.97,4694.04,4631.97,4686.75,4686.75,4492400000,4646.9,4531.7,4465.71
2021-12-08,4690.86,4705.06,4674.52,4701.21,4701.21,4234600000,4647.69,4536.01,4470.17
2021-12-09,4691,4695.26,4665.98,4667.45,4667.45,3903840000,4648.73,4539.12,4473.86
2021-12-10,4687.64,4713.57,4670.24,4712.02,4712.02,3870110000,4651.87,4543.09,4477.74
2021-12-13,4710.3,4710.3,4667.6,4668.97,4668.97,4397230000,4651.18,4547.02,4481.29
2021-12-14,4642.99,4660.47,4606.52,4634.09,4634.09,4485430000,4648.74,4551.63,4484.36
2021-12-15,4636.46,4712.6,4611.22,4709.85,4709.85,4910130000,4649.19,4557.56,4487.93
2021-12-16,4719.13,4731.99,4651.89,4668.67,4668.67,4829500000,4648.19,4562.11,4491.08
2021-12-17,4652.5,4666.7,4600.22,4620.64,4620.64,7987090000,4643.99,4564.97,4493.82
2021-12-20,4587.9,4587.9,4531.1,4568.02,4568.02,4635700000,4637.5,4566.84,4496.08
2021-12-21,4594.96,4651.14,4583.16,4649.23,4649.23,4072430000,4635.81,4570.28,4498.82
2021-12-22,4650.36,4697.67,4645.53,4696.56,4696.56,3319610000,4636.1,4576.01,4501.69
2021-12-23,4703.96,4740.74,4703.96,4725.79,4725.79,2913040000,4637.32,4582.12,4504.88
2021-12-27,4733.99,4791.49,4733.99,4791.19,4791.19,2770290000,4647.15,4590.18,4508.49
2021-12-28,4795.49,4807.02,4780.04,4786.35,4786.35,2707920000,4653.7,4597.33,4512.37
2021-12-29,4788.64,4804.06,4778.08,4793.06,4793.06,2963310000,4665,4605.54,4515.89
2021-12-30,4794.23,4808.93,4775.33,4778.73,4778.73,3124950000,4678.29,4612.76,4519.18
2021-12-31,4775.21,4786.83,4765.75,4766.18,4766.18,2677820000,4687.74,4619.47,4522.49
2022-01-03,4778.14,4796.64,4758.17,4796.56,4796.56,3831020000,4700.65,4626.08,4526.01
2022-01-04,4804.51,4818.62,4774.27,4793.54,4793.54,4683170000,4710.74,4632.79,4529.62
2022-01-05,4787.99,4797.7,4699.44,4700.58,4700.58,4887960000,4711.43,4638.44,4532.73
2022-01-06,4693.39,4725.01,4671.26,4696.05,4696.05,4295280000,4711.18,4644.2,4536.38
2022-01-07,4697.66,4707.95,4662.74,4677.03,4677.03,4181510000,4711.66,4649.42,4539.33
2022-01-10,4655.34,4673.02,4582.24,4670.29,4670.29,4511810000,4709.57,4653.29,4541.92
2022-01-11,4669.14,4714.13,4638.27,4713.07,4713.07,4101590000,4711.77,4657.32,4544.8
2022-01-12,4728.59,4748.83,4706.71,4726.35,4726.35,4048220000,4716.39,4661.31,4547.42
2022-01-13,4733.56,4744.13,4650.29,4659.03,4659.03,4251730000,4713.85,4663.64,4549.4
2022-01-14,4637.99,4665.13,4614.75,4662.85,4662.85,4338490000,4713.56,4665.75,4551.58
2022-01-18,4632.24,4632.24,4568.7,4577.11,4577.11,4748700000,4711.38,4666.2,4553.05
2022-01-19,4588.03,4611.55,4530.2,4532.76,4532.76,4465740000,4709.62,4666,4553.99
2022-01-20,4547.35,4602.11,4477.95,4482.73,4482.73,4640870000,4701.29,4664.61,4554.72
2022-01-21,4471.38,4494.52,4395.34,4397.94,4397.94,5589100000,4686.36,4661.66,4554.81
2022-01-24,4356.32,4417.35,4222.62,4410.13,4410.13,6928110000,4670.58,4659.3,4554.7
2022-01-25,4366.64,4411.01,4287.11,4356.45,4356.45,5145050000,4648.84,4655.3,4554.32
2022-01-26,4408.43,4453.23,4304.8,4349.93,4349.93,5570640000,4627.02,4651.04,4553.66
2022-01-27,4380.58,4428.74,4309.5,4326.51,4326.51,5214200000,4603.69,4646.26,4552.74
2022-01-28,4336.19,4432.72,4292.46,4431.85,4431.85,5031090000,4586.35,4642.94,4552.74
2022-01-31,4431.79,4516.89,4414.02,4515.55,4515.55,5098610000,4573.82,4640.53,4553.39
2022-02-01,4519.57,4550.49,4483.53,4546.54,4546.54,4816830000,4561.31,4638.3,4554.26
2022-02-02,4566.39,4595.31,4544.32,4589.38,4589.38,4481580000,4551.11,4636.5,4555.33
2022-02-03,4535.41,4542.88,4470.39,4477.44,4477.44,4401970000,4539.95,4632.76,4555.41
2022-02-04,4482.79,4539.66,4451.5,4500.53,4500.53,4706290000,4530.17,4629.68,4555.58
2022-02-07,4505.75,4521.86,4471.47,4483.87,4483.87,4228480000,4520.52,4626.97,4555.88
2022-02-08,4480.02,4531.32,4465.4,4521.54,4521.54,4459620000,4513.08,4624.84,4556.89
2022-02-09,4547,4590.03,4547,4587.18,4587.18,4524350000,4506.78,4623.24,4558.41
2022-02-10,4553.24,4588.92,4484.31,4504.08,4504.08,5314860000,4495.67,4620.27,4558.93
2022-02-11,4506.27,4526.33,4401.41,4418.64,4418.64,5251500000,4483.65,4615.56,4558.42
2022-02-14,4412.61,4426.22,4364.84,4401.67,4401.67,4600390000,4470.59,4610.78,4557.71
2022-02-15,4429.28,4472.77,4429.28,4471.07,4471.07,4430830000,4465.29,4606.89,4557.5
2022-02-16,4455.75,4489.55,4429.68,4475.01,4475.01,4283640000,4462.4,4603.17,4557.55
2022-02-17,4456.06,4456.06,4373.81,4380.26,4380.26,4539420000,4457.28,4598.13,4556.47
2022-02-18,4384.57,4394.6,4327.22,4348.87,4348.87,4708060000,4454.83,4592.43,4554.97
2022-02-22,4332.74,4362.12,4267.11,4304.76,4304.76,5121900000,4449.56,4585.82,4553.15
2022-02-23,4324.93,4341.51,4221.51,4225.5,4225.5,4797430000,4443.01,4579.67,4550.67
2022-02-24,4155.77,4294.73,4114.65,4288.7,4288.7,6752130000,4439.95,4573.56,4548.6
2022-02-25,4298.38,4385.34,4286.83,4384.65,4384.65,5177060000,4442.85,4570.52,4547.34
2022-02-28,4354.17,4388.84,4315.12,4373.94,4373.94,6071370000,4439.96,4568.2,4546.12
2022-03-01,4363.14,4378.45,4279.54,4306.26,4306.26,5846230000,4429.49,4563.68,4544.39
2022-03-02,4322.56,4401.48,4322.56,4386.54,4386.54,5337870000,4421.49,4561.15,4543.5
2022-03-03,4401.31,4416.78,4345.56,4363.49,4363.49,5039890000,4410.2,4557.35,4542.71
2022-03-04,4342.12,4342.12,4284.98,4328.87,4328.87,5797380000,4402.77,4551.39,4541.54
2022-03-07,4327.01,4327.01,4199.85,4201.09,4201.09,6940470000,4387.8,4543.05,4539.53
2022-03-08,4202.66,4276.94,4157.87,4170.7,4170.7,7243120000,4372.14,4534.77,4536.94
2022-03-09,4223.1,4299.4,4223.1,4277.88,4277.88,5662670000,4359.96,4527.54,4535.31
2022-03-10,4252.55,4268.28,4209.8,4259.52,4259.52,4980830000,4343.58,4520.71,4533.87
2022-03-11,4279.5,4291.01,4200.49,4204.31,4204.31,4938640000,4328.59,4513.55,4532.59
2022-03-14,4202.75,4247.57,4161.72,4173.11,4173.11,5574920000,4316.31,4504.6,4531.08
2022-03-15,4188.82,4271.05,4187.9,4262.45,4262.45,5392470000,4309.35,4497.83,4529.97
2022-03-16,4288.14,4358.9,4251.99,4357.86,4357.86,6309750000,4303.69,4493.45,4529.21
2022-03-17,4345.11,4412.67,4335.65,4411.67,4411.67,4985090000,4300.52,4490.85,4528.85
2022-03-18,4407.34,4465.4,4390.57,4463.12,4463.12,8278430000,4304.66,4487.74,4529.01
2022-03-21,4462.4,4481.75,4424.3,4461.18,4461.18,4869820000,4310.28,4483.82,4529.92
2022-03-22,4469.1,4522,4469.1,4511.61,4511.61,4754840000,4320.62,4480.25,4531.18
2022-03-23,4493.1,4501.07,4455.81,4456.24,4456.24,4550670000,4332.16,4474.67,4532.42
2022-03-24,4469.98,4520.58,4465.17,4520.16,4520.16,4131390000,4343.73,4470.23,4533.78
2022-03-25,4522.91,4546.03,4501.07,4543.06,4543.06,4305020000,4351.65,4466.07,4535.8
2022-03-28,4541.09,4575.65,4517.69,4575.52,4575.52,4312260000,4361.73,4462.68,4537.72
2022-03-29,4602.86,4637.3,4589.66,4631.6,4631.6,5085910000,4378,4460.44,4539.95
2022-03-30,4624.2,4627.77,4581.32,4602.45,4602.45,4385570000,4388.79,4457.2,4541.64
2022-03-31,4599.02,4603.07,4530.41,4530.41,4530.41,4823020000,4397.14,4452.82,4542.8
2022-04-01,4540.32,4548.7,4507.57,4545.86,4545.86,4562940000,4407.99,4450.24,4544.34
2022-04-04,4547.97,4583.5,4539.21,4582.64,4582.64,4547350000,4427.07,4448.35,4546.27
2022-04-05,4572.45,4593.45,4514.17,4525.12,4525.12,4800620000,4444.79,4445.82,4547.62
2022-04-06,4494.17,4503.94,4450.04,4481.15,4481.15,4986830000,4454.95,4442.66,4547.98
2022-04-07,4474.65,4521.16,4450.3,4500.21,4500.21,4821490000,4466.99,4439.12,4548.22
2022-04-08,4494.15,4520.41,4474.6,4488.28,4488.28,4083200000,4481.19,4435.15,4548.23
2022-04-11,4462.64,4464.35,4408.38,4412.53,4412.53,4266290000,4493.16,4431.04,4547.34
2022-04-12,4437.59,4471,4381.34,4397.45,4397.45,4152090000,4499.91,4426.62,4546.18
2022-04-13,4394.3,4453.92,4392.7,4446.59,4446.59,3828150000,4504.34,4424.44,4545.32
2022-04-14,4449.12,4460.46,4390.77,4392.59,4392.59,4083090000,4503.39,4422.1,4544.05
2022-04-18,4385.63,4410.31,4370.3,4391.69,4391.69,3910490000,4499.82,4420.59,4542.6
2022-04-19,4390.63,4471.03,4390.63,4462.21,4462.21,4108120000,4499.87,4421.66,4541.66
2022-04-20,4472.26,4488.29,4448.76,4459.45,4459.45,4290450000,4497.26,4422.48,4540.89
2022-04-21,4489.17,4512.94,4384.47,4393.66,4393.66,4636890000,4494.13,4423.1,4539.2
2022-04-22,4385.83,4385.83,4267.62,4271.78,4271.78,4651940000,4481.71,4421.8,4536.42
2022-04-25,4255.34,4299.02,4200.82,4296.12,4296.12,5240040000,4469.37,4421.29,4533.77
2022-04-26,4278.14,4278.14,4175.04,4175.2,4175.2,4689970000,4449.35,4417.01,4529.98
2022-04-27,4186.52,4240.71,4162.9,4183.96,4183.96,4769680000,4426.97,4411.49,4526.01
2022-04-28,4222.58,4308.45,4188.63,4287.5,4287.5,4854180000,4411.22,4407.17,4522.74
2022-04-29,4253.75,4269.68,4124.28,4131.93,4131.93,5084030000,4391.3,4399.55,4518.02
2022-05-02,4130.61,4169.81,4062.51,4155.38,4155.38,5163790000,4371.77,4394.18,4513.47
2022-05-03,4159.78,4200.1,4147.08,4175.48,4175.48,4582050000,4351.41,4388.76,4509.22
2022-05-04,4181.18,4307.66,4148.91,4300.17,4300.17,5136360000,4340.17,4385.7,4506.33
2022-05-05,4270.43,4270.43,4106.01,4146.87,4146.87,5077030000,4323.45,4379.45,4502.15
2022-05-06,4128.17,4157.69,4067.91,4123.34,4123.34,5116940000,4304.61,4371.72,4497.48
2022-05-09,4081.27,4081.27,3975.48,3991.24,3991.24,5954520000,4279.76,4363.18,4491.72
2022-05-10,4035.18,4068.82,3958.17,4001.05,4001.05,5885820000,4259.18,4356.22,4485.89
2022-05-11,3990.08,4049.09,3928.82,3935.18,3935.18,5816140000,4236.07,4348.44,4479.61
2022-05-12,3903.95,3964.8,3858.87,3930.08,3930.08,6286450000,4210.24,4339.43,4473.16
2022-05-13,3963.9,4038.88,3963.9,4023.89,4023.89,5183340000,4191.81,4331.91,4467.54
2022-05-16,4013.02,4046.46,3983.99,4008.01,4008.01,4415030000,4172.63,4325.7,4461.91
2022-05-17,4052,4090.72,4033.93,4088.85,4088.85,4841410000,4153.96,4321.37,4456.9
2022-05-18,4051.98,4051.98,3911.91,3923.68,3923.68,5103220000,4127.17,4315.02,4450.42
2022-05-19,3899,3945.96,3876.58,3900.79,3900.79,5113550000,4102.53,4309.61,4444.64
2022-05-20,3927.76,3943.42,3810.32,3901.36,3901.36,5130730000,4084,4303.15,4438.35
2022-05-23,3919.42,3981.88,3909.04,3973.75,3973.75,4420030000,4067.89,4296.3,4433.41
2022-05-24,3942.94,3955.68,3875.13,3941.48,3941.48,4923190000,4056.2,4289.09,4428.65
2022-05-25,3929.59,3999.33,3925.03,3978.73,3978.73,4802560000,4045.94,4283.63,4423.66
2022-05-26,3984.6,4075.14,3984.6,4057.84,4057.84,4709970000,4034.46,4278.16,4419.65
2022-05-27,4077.43,4158.49,4077.43,4158.24,4158.24,4375620000,4035.77,4274.74,4416.04
2022-05-31,4151.09,4168.34,4104.88,4132.15,4132.15,6822640000,4034.61,4271.46,4411.42
2022-06-01,4149.78,4166.54,4073.85,4101.23,4101.23,4531800000,4030.9,4269.79,4406.42
2022-06-02,4095.41,4177.51,4074.37,4176.82,4176.82,4405790000,4024.73,4269.89,4402.33
2022-06-03,4137.57,4142.67,4098.67,4108.54,4108.54,3711110000,4022.81,4267.07,4397.3
2022-06-06,4134.72,4168.78,4109.18,4121.43,4121.43,4332700000,4022.72,4264.77,4392.74
2022-06-07,4096.47,4164.86,4080.19,4160.68,4160.68,4248210000,4031.19,4264.04,4388.8
2022-06-08,4147.12,4160.14,4107.2,4115.77,4115.77,4159470000,4036.93,4263.09,4383.85
2022-06-09,4101.65,4119.1,4017.17,4017.82,4017.82,4134170000,4041.06,4259.01,4378.42
2022-06-10,3974.39,3974.39,3900.16,3900.86,3900.86,4889640000,4039.6,4251.39,4372.42
2022-06-13,3838.15,3838.15,3734.3,3749.63,3749.63,5636890000,4025.88,4240.36,4365.6
2022-06-14,3763.52,3778.18,3705.68,3735.48,3735.48,5153890000,4012.26,4228.23,4357.99
2022-06-15,3764.05,3837.56,3722.3,3789.99,3789.99,5530480000,3997.31,4217.05,4350.43
2022-06-16,3728.18,3728.18,3639.77,3666.77,3666.77,5644930000,3984.47,4202.97,4341.61
2022-06-17,3665.9,3707.71,3636.87,3674.84,3674.84,8520740000,3973.17,4189.94,4332.31
2022-06-21,3715.31,3779.65,3715.31,3764.79,3764.79,5292260000,3966.34,4177.35,4323.79
2022-06-22,3733.89,3801.79,3717.69,3759.89,3759.89,5058990000,3955.65,4164.3,4315.18
2022-06-23,3774.71,3802.58,3743.52,3795.73,3795.73,5098640000,3948.36,4151.3,4306.99
2022-06-24,3821.75,3913.65,3821.75,3911.74,3911.74,8120260000,3945.01,4139.31,4299.87
2022-06-27,3920.76,3927.72,3889.66,3900.11,3900.11,4325310000,3937.13,4127.6,4292.4
2022-06-28,3913,3945.86,3820.14,3821.55,3821.55,4270120000,3920.29,4115.79,4284.3
2022-06-29,3825.09,3836.5,3799.02,3818.83,3818.83,4211240000,3904.63,4103.67,4276.95
2022-06-30,3785.99,3818.99,3738.67,3785.38,3785.38,4840070000,3888.83,4090.38,4269.36
2022-07-01,3781,3829.82,3752.1,3825.33,3825.33,4046950000,3871.26,4078.72,4262.27
2022-07-05,3792.61,3832.19,3742.06,3831.39,3831.39,5076590000,3857.4,4067.89,4255.28
2022-07-06,3831.98,3870.91,3809.37,3845.08,3845.08,4417720000,3843.58,4056.97,4248.04
2022-07-07,3858.85,3910.63,3858.85,3902.62,3902.62,4057770000,3830.68,4047.21,4241.18
2022-07-08,3888.26,3918.5,3869.34,3899.38,3899.38,3521620000,3819.86,4038.66,4234.85
2022-07-11,3880.94,3880.94,3847.22,3854.43,3854.43,3423480000,3811.69,4029.61,4228.11
2022-07-12,3851.95,3873.41,3802.36,3818.8,3818.8,3817210000,3807.59,4019.14,4221.79
2022-07-13,3779.67,3829.44,3759.07,3801.78,3801.78,4109390000,3810.2,4009.3,4215.7
2022-07-14,3763.99,3796.41,3721.56,3790.38,3790.38,4199690000,3812.94,3999.27,4209.93
2022-07-15,3818,3863.62,3817.18,3863.16,3863.16,4143800000,3816.6,3989.29,4205.47
2022-07-18,3883.79,3902.44,3818.63,3830.85,3830.85,4046870000,3824.8,3978.81,4200.65
2022-07-19,3860.73,3939.81,3860.73,3936.69,3936.69,4041070000,3837.9,3971.2,4197.15
2022-07-20,3935.32,3974.13,3922.03,3959.9,3959.9,4185300000,3847.65,3966,4193.9
2022-07-21,3955.47,3999.29,3927.64,3998.95,3998.95,4132790000,3859.6,3961.05,4191.17
2022-07-22,3998.43,4012.44,3938.86,3961.63,3961.63,3979240000,3867.9,3957.49,4187.25
2022-07-25,3965.72,3975.3,3943.46,3966.84,3966.84,3568340000,3870.65,3953.87,4182.68
2022-07-26,3953.22,3953.22,3910.74,3921.05,3921.05,3778950000,3871.7,3947.76,4177.47
2022-07-27,3951.43,4039.56,3951.43,4023.61,4023.61,4112180000,3881.8,3945.96,4172.75
2022-07-28,4026.13,4078.95,3992.97,4072.43,4072.43,4413000000,3894.48,3944.57,4169.38
2022-07-29,4087.33,4140.15,4079.22,4130.29,4130.29,4616360000,3911.73,3943.82,4166.29
2022-08-01,4112.38,4144.95,4096.02,4118.63,4118.63,4202810000,3926.39,3940.79,4163.25
2022-08-02,4104.21,4140.47,4079.81,4091.19,4091.19,4727710000,3939.38,3939.87,4159.66
2022-08-03,4107.96,4167.66,4107.96,4155.17,4155.17,4351760000,3954.89,3940.4,4156.06
2022-08-04,4154.85,4161.29,4135.42,4151.94,4151.94,4283320000,3967.36,3943.07,4153.13
2022-08-05,4115.87,4151.58,4107.31,4145.19,4145.19,4085940000,3979.65,3945.48,4150.85
2022-08-08,4155.93,4186.62,4128.97,4140.06,4140.06,4221090000,3993.93,3948.89,4148.67
2022-08-09,4133.11,4137.3,4112.09,4122.47,4122.47,3913090000,4009.11,3952.1,4145.76
2022-08-10,4181.02,4211.03,4177.26,4210.24,4210.24,4546010000,4029.53,3955.2,4143.56
2022-08-11,4227.4,4257.91,4201.41,4207.27,4207.27,4630200000,4050.38,3958.53,4142.11
2022-08-12,4225.02,4280.47,4219.78,4280.15,4280.15,3788010000,4071.23,3961.71,4141.54
2022-08-15,4269.37,4301.79,4256.9,4297.14,4297.14,3696830000,4094.54,3967.94,4141.48
2022-08-16,4290.46,4325.28,4277.77,4305.2,4305.2,4329820000,4112.97,3974.68,4142.14
2022-08-17,4280.4,4302.18,4253.08,4274.04,4274.04,3885030000,4128.67,3980.89,4142.02
2022-08-18,4273.13,4292.53,4261.98,4283.74,4283.74,3340330000,4142.91,3986.06,4141.18
2022-08-19,4266.31,4266.31,4218.7,4228.48,4228.48,3761340000,4156.26,3990.84,4139.97
2022-08-22,4195.08,4195.08,4129.86,4137.99,4137.99,3907430000,4164.81,3993.49,4138.56
2022-08-23,4133.09,4159.77,4124.03,4128.73,4128.73,3823520000,4175.2,3994.67,4136.42
2022-08-24,4126.55,4156.56,4119.97,4140.77,4140.77,3583630000,4181.06,3994.38,4134.56
2022-08-25,4153.26,4200.54,4147.59,4199.12,4199.12,3566870000,4187.39,3995.5,4133.48
2022-08-26,4198.74,4203.04,4057.66,4057.66,4057.66,3832750000,4183.76,3994.77,4132.28
2022-08-29,4034.58,4062.99,4017.42,4030.61,4030.61,3396510000,4179.36,3992.34,4131.12
2022-08-30,4041.25,4044.98,3965.21,3986.16,3986.16,3835860000,4174.11,3990.3,4128.68
2022-08-31,4000.67,4015.37,3954.53,3955,3955,4542490000,4164.1,3987.52,4126.15
2022-09-01,3936.73,3970.23,3903.65,3966.85,3966.85,4152250000,4154.84,3984.29,4124.17
2022-09-02,3994.66,4018.43,3906.21,3924.26,3924.26,3665850000,4143.8,3981.1,4122.09
2022-09-06,3930.89,3942.55,3886.75,3908.19,3908.19,4127340000,4132.2,3979.27,4119.14
2022-09-07,3909.43,3987.89,3906.03,3979.87,3979.87,3890320000,4125.07,3980.59,4115.99
2022-09-08,3959.94,4010.5,3944.81,4006.18,4006.18,3966850000,4114.87,3984.87,4112.61
2022-09-09,4022.94,4076.81,4022.94,4067.36,4067.36,3901940000,4107.88,3990.4,4109.32
2022-09-12,4083.67,4119.28,4083.67,4110.41,4110.41,3814200000,4099.39,3995.74,4106.39
2022-09-13,4037.12,4037.12,3921.28,3932.69,3932.69,4224550000,4081.17,4000.17,4101.57
2022-09-14,3940.73,3961.94,3912.18,3946.01,3946.01,4293240000,4063.21,4004.69,4097.32
2022-09-15,3932.41,3959.14,3888.28,3901.35,3901.35,4441830000,4044.57,4006.97,4092.16
2022-09-16,3880.95,3880.95,3837.08,3873.33,3873.33,7954650000,4024.05,4008.86,4086.58
2022-09-19,3849.91,3900.45,3838.5,3899.89,3899.89,3766850000,4007.62,4010.59,4080.95
2022-09-20,3875.23,3876.01,3827.54,3855.93,3855.93,4058050000,3993.52,4009.66,4074.48
2022-09-21,3871.4,3907.07,3789.49,3789.93,3789.93,4078330000,3976.58,4007.83,4067.71
2022-09-22,3782.36,3790.9,3749.45,3757.99,3757.99,4284600000,3957.44,4006.77,4061.28
2022-09-23,3727.14,3727.14,3647.47,3693.23,3693.23,5144270000,3932.15,4004.67,4054.17
2022-09-26,3682.72,3715.67,3644.76,3655.04,3655.04,4886140000,3912.01,4002.5,4046.44
2022-09-27,3686.44,3717.53,3623.29,3647.29,3647.29,4577740000,3892.85,3999.53,4039.13
2022-09-28,3651.94,3736.74,3640.61,3719.04,3719.04,4684850000,3879.49,3997.66,4032.77
2022-09-29,3687.01,3687.01,3610.4,3640.47,3640.47,4681810000,3863.77,3994.25,4025.61
2022-09-30,3633.48,3671.44,3584.13,3585.62,3585.62,5645360000,3844.7,3988.97,4018.09
2022-10-03,3609.78,3698.35,3604.93,3678.43,3678.43,4806680000,3832.41,3985.29,4011.97
2022-10-04,3726.46,3791.92,3726.46,3790.93,3790.93,5146580000,3826.55,3984.23,4006.92
2022-10-05,3753.25,3806.91,3722.66,3783.28,3783.28,4293180000,3816.72,3983.63,4001.39
2022-10-06,3771.97,3797.93,3739.22,3744.52,3744.52,4252100000,3803.64,3982.68,3995.99
2022-10-07,3706.74,3706.74,3620.73,3639.66,3639.66,4449660000,3782.25,3980.17,3989.72
2022-10-10,3647.51,3652.17,3588.1,3612.39,3612.39,3834320000,3757.35,3975.99,3982.64
2022-10-11,3595.86,3640.66,3568.45,3588.84,3588.84,4759030000,3740.16,3971.96,3975.38
2022-10-12,3590.83,3608.34,3573.86,3577.03,3577.03,4006830000,3721.71,3965.96,3968.58
2022-10-13,3520.37,3685.41,3491.58,3669.91,3669.91,5021680000,3710.14,3961.13,3963.56
2022-10-14,3690.41,3712,3579.68,3583.07,3583.07,4243030000,3695.62,3954.2,3957.62
2022-10-17,3638.65,3689.73,3638.65,3677.95,3677.95,4352780000,3684.53,3949.47,3953.48
2022-10-18,3746.26,3762.79,3686.53,3719.98,3719.98,4483740000,3677.73,3945.35,3949.61
2022-10-19,3703.11,3728.58,3666.51,3695.16,3695.16,4223800000,3672.99,3941.59,3944.67
2022-10-20,3689.05,3736,3656.44,3665.78,3665.78,4496620000,3668.38,3935.63,3940.79
2022-10-21,3657.1,3757.89,3647.42,3752.75,3752.75,5078020000,3671.36,3930.3,3937.44
2022-10-24,3762.01,3810.74,3741.65,3797.34,3797.34,4747930000,3678.47,3924.75,3934.28
2022-10-25,3799.44,3862.85,3799.44,3859.11,3859.11,4843120000,3689.06,3920.42,3930.61
2022-10-26,3825.97,3886.15,3824.07,3830.6,3830.6,4817310000,3694.64,3916.08,3927.97
2022-10-27,3834.69,3859.95,3803.79,3807.3,3807.3,4687320000,3702.98,3910.28,3925.34
2022-10-28,3808.26,3905.42,3808.26,3901.06,3901.06,4459410000,3718.75,3906.1,3924.59
2022-10-31,3881.85,3893.73,3863.18,3871.98,3871.98,4820620000,3728.43,3901.55,3923.51
2022-11-01,3901.79,3911.79,3843.8,3856.1,3856.1,4481210000,3731.69,3896.81,3922.85
2022-11-02,3852.9,3894.44,3758.68,3759.69,3759.69,4899000000,3730.51,3890.77,3921.43
2022-11-03,3733.25,3750.59,3698.15,3719.89,3719.89,4625290000,3729.28,3882.6,3918.9
2022-11-04,3766.98,3796.34,3708.84,3770.55,3770.55,5400180000,3735.82,3875.32,3916.92
2022-11-07,3780.71,3813.95,3764.7,3806.8,3806.8,4341620000,3745.54,3867.43,3914.57
2022-11-08,3817.02,3859.4,3786.28,3828.11,3828.11,4607640000,3757.51,3859.61,3913.77
2022-11-09,3810.94,3818.2,3744.22,3748.57,3748.57,4645010000,3766.09,3850.33,3912.51
2022-11-10,3859.89,3958.33,3859.89,3956.37,3956.37,5781260000,3780.41,3845.04,3912.96
2022-11-11,3963.72,4001.48,3944.82,3992.93,3992.93,5593310000,3800.9,3840.19,3913.12
2022-11-14,3977.97,4008.97,3956.4,3957.25,3957.25,4561930000,3814.87,3835.67,3913.26
2022-11-15,4006.41,4028.84,3953.17,3991.73,3991.73,5015310000,3828.45,3833.23,3913.36
2022-11-16,3976.82,3983.09,3954.34,3958.79,3958.79,4165320000,3841.64,3830.4,3912.54
2022-11-17,3919.26,3954.33,3906.54,3946.56,3946.56,4051780000,3855.67,3827.16,3910.77
2022-11-18,3966.39,3979.89,3935.98,3965.34,3965.34,4037360000,3866.3,3823.27,3909.38
2022-11-21,3956.23,3962,3933.34,3949.94,3949.94,3850690000,3873.93,3821.47,3908.12
2022-11-22,3965.51,4005.88,3956.88,4003.58,4003.58,3887990000,3881.16,3821.02,3906.68
2022-11-23,4000.3,4033.78,3998.66,4027.26,4027.26,3279720000,3890.99,3821.71,3906
2022-11-25,4023.34,4034.02,4020.76,4026.12,4026.12,1706460000,3901.93,3822.89,3905.21
2022-11-28,4005.36,4012.27,3955.77,3963.94,3963.94,3615430000,3905.08,3822.84,3903.57
2022-11-29,3964.19,3976.77,3937.65,3957.63,3957.63,3546040000,3909.36,3823.4,3902.25
2022-11-30,3957.18,4080.11,3938.58,4080.11,4080.11,6579360000,3920.56,3826.27,3902.77
2022-12-01,4087.14,4100.51,4050.87,4076.57,4076.57,4527130000,3936.4,3827.88,3904.23
2022-12-02,4040.17,4080.48,4026.63,4071.7,4071.7,4012620000,3953.99,3828.97,3906.92
2022-12-05,4052.02,4052.45,3984.49,3998.84,3998.84,4280820000,3965.41,3827.83,3909.11
2022-12-06,3996.63,4001.51,3918.39,3941.26,3941.26,4368380000,3972.13,3825.01,3910.37
2022-12-07,3933.28,3957.57,3922.68,3933.92,3933.92,4118050000,3977.42,3825.03,3912.6
2022-12-08,3947.79,3974.19,3935.83,3963.51,3963.51,4006900000,3988.17,3825.32,3915.01
2022-12-09,3954.17,3977.02,3933.04,3934.38,3934.38,3888260000,3987.07,3825.87,3916.42
2022-12-12,3939.29,3990.71,3935.3,3990.56,3990.56,3904130000,3986.95,3827.83,3918.34
2022-12-13,4069.38,4100.96,3993.03,4019.65,4019.65,5079360000,3990.07,3829.82,3920.21
2022-12-14,4015.54,4053.76,3965.65,3995.32,3995.32,4472340000,3990.25,3832.14,3920.9
2022-12-15,3958.37,3958.37,3879.45,3895.75,3895.75,4493900000,3987.1,3833.91,3920.87
2022-12-16,3890.91,3890.91,3827.91,3852.36,3852.36,7493660000,3982.39,3835.48,3921.12
2022-12-19,3853.79,3854.86,3800.04,3817.66,3817.66,3969610000,3975,3837.55,3921.11
2022-12-20,3810.47,3838.24,3795.62,3821.62,3821.62,3985370000,3968.59,3840.33,3921.42
2022-12-21,3839.49,3889.82,3839.49,3878.44,3878.44,3775200000,3962.33,3844.18,3921.86
2022-12-22,3853.26,3853.26,3764.49,3822.39,3822.39,3956950000,3952.09,3845.91,3921.78
2022-12-23,3815.11,3845.8,3797.01,3844.82,3844.82,2819280000,3943.02,3849.31,3921.78
2022-12-27,3843.34,3846.65,3813.22,3829.25,3829.25,3030300000,3936.29,3853.37,3921.17
2022-12-28,3829.56,3848.32,3780.78,3783.22,3783.22,3083520000,3927.57,3855.12,3920.2
2022-12-29,3805.45,3858.19,3805.45,3849.28,3849.28,3003680000,3916.03,3856.09,3920.16
2022-12-30,3829.06,3839.85,3800.34,3839.5,3839.5,2979870000,3904.17,3857.03,3920.33
2023-01-03,3853.29,3878.46,3794.33,3824.14,3824.14,3959140000,3891.79,3858.36,3920.52
2023-01-04,3840.36,3873.16,3815.77,3852.97,3852.97,4414080000,3884.5,3861.91,3921.04
2023-01-05,3839.74,3839.74,3802.42,3808.1,3808.1,3893450000,3877.84,3865.17,3920.58
2023-01-06,3823.37,3906.19,3809.56,3895.08,3895.08,3923560000,3875.9,3870.28,3921.12
2023-01-09,3910.82,3950.57,3890.42,3892.09,3892.09,4311770000,3872.33,3875.53,3920.74
2023-01-10,3888.57,3919.83,3877.29,3919.25,3919.25,3851030000,3871.57,3879.68,3920.41
2023-01-11,3932.35,3970.07,3928.54,3969.61,3969.61,4303360000,3870.53,3886.13,3920.16
2023-01-12,3977.57,3997.76,3937.56,3983.17,3983.17,4440260000,3868.7,3891.21,3920.34
2023-01-13,3960.6,4003.95,3947.67,3999.09,3999.09,3939700000,3868.89,3895.86,3920.61
2023-01-17,3999.28,4015.39,3984.57,3990.97,3990.97,4235560000,3873.65,3900.79,3921.19
2023-01-18,4002.25,4014.16,3926.59,3928.86,3928.86,4298710000,3877.48,3905.18,3920.4
2023-01-19,3911.84,3922.94,3885.54,3898.85,3898.85,3991500000,3881.54,3907.61,3918.96
2023-01-20,3909.04,3972.96,3897.86,3972.61,3972.61,4013360000,3889.08,3910.54,3917.64
2023-01-23,3978.14,4039.31,3971.64,4019.81,4019.81,3945210000,3896.15,3913.21,3916.82
2023-01-24,4001.74,4023.92,3989.79,4016.95,4016.95,3320430000,3905.88,3916.32,3916.2
2023-01-25,3982.71,4019.55,3949.06,4016.22,4016.22,3724020000,3914.45,3919.8,3915.04
2023-01-26,4036.08,4061.57,4013.29,4060.43,4060.43,3809590000,3926.01,3922.46,3914.28
2023-01-27,4053.72,4094.21,4048.7,4070.56,4070.56,3907760000,3940.38,3925.77,3913.66
2023-01-30,4049.27,4063.85,4015.55,4017.77,4017.77,3802000000,3948.8,3928.46,3912.64
2023-01-31,4020.85,4077.16,4020.44,4076.6,4076.6,4679320000,3960.66,3933.74,3912.26
2023-02-01,4070.07,4148.95,4037.2,4119.21,4119.21,4856930000,3975.41,3940.4,3911.5
2023-02-02,4158.68,4195.44,4141.88,4179.76,4179.76,5624360000,3991.75,3947.22,3911.27
2023-02-03,4136.69,4182.36,4123.36,4136.48,4136.48,4694510000,4008.17,3952.71,3910.07
2023-02-06,4119.57,4124.63,4093.38,4111.08,4111.08,4114240000,4018.97,3957.43,3908.52
2023-02-07,4105.35,4176.54,4088.39,4164,4164,4355860000,4032.56,3964.35,3907.34
2023-02-08,4153.47,4156.85,4111.67,4117.86,4117.86,4029820000,4042.49,3967.05,3906.04
2023-02-09,4144.25,4156.23,4069.67,4081.5,4081.5,4270200000,4048.09,3968.52,3904.36
2023-02-10,4068.92,4094.36,4060.79,4090.46,4090.46,3891520000,4053.45,3970.74,3903.21
2023-02-13,4096.62,4138.9,4092.67,4137.29,4137.29,3448620000,4060.36,3973.17,3903.2
2023-02-14,4126.7,4159.77,4095.01,4136.13,4136.13,3929200000,4067.62,3976.12,3903.26
2023-02-15,4119.5,4148.11,4103.98,4147.6,4147.6,4075980000,4078.56,3979.47,3903.32
2023-02-16,4114.75,4136.54,4089.49,4090.41,4090.41,4143660000,4088.14,3981.56,3902.41
2023-02-17,4077.39,4081.51,4047.95,4079.09,4079.09,4045480000,4093.46,3983.71,3902.59
2023-02-21,4052.35,4052.35,3995.19,3997.34,3997.34,4121590000,4092.34,3983.61,3902.31
2023-02-22,4001.83,4017.37,3976.9,3991.05,3991.05,4079320000,4091.04,3983,3902.36
2023-02-23,4018.6,4028.3,3969.19,4012.32,4012.32,3952940000,4090.85,3982.77,3902.83
2023-02-24,3973.24,3978.25,3943.08,3970.04,3970.04,3877700000,4086.33,3982.87,3902.86
2023-02-27,3992.36,4018.05,3973.55,3982.24,3982.24,3836950000,4081.91,3983.29,3903.34
2023-02-28,3977.19,3997.5,3968.98,3970.15,3970.15,5043400000,4079.53,3981.45,3903.86
2023-03-01,3963.34,3971.73,3939.05,3951.39,3951.39,4249480000,4073.27,3979.37,3903.62
2023-03-02,3938.68,3990.84,3928.16,3981.35,3981.35,4244900000,4066.38,3977.86,3903.41
2023-03-03,3998.02,4048.29,3995.17,4045.64,4045.64,4084730000,4059.67,3978.64,3903.23
2023-03-06,4055.15,4078.49,4044.61,4048.42,4048.42,4000870000,4055.27,3980.43,3902.72
2023-03-07,4048.26,4050,3980.31,3986.37,3986.37,3922500000,4049.03,3981.3,3903.16
2023-03-08,3987.55,4000.41,3969.76,3992.01,3992.01,3535570000,4040.43,3981.78,3903.55
2023-03-09,3998.66,4017.81,3908.7,3918.32,3918.32,4445260000,4030.46,3981.51,3903.69
2023-03-10,3912.77,3934.05,3846.32,3861.59,3861.59,5518190000,4019.46,3979.36,3903.59
2023-03-13,3835.12,3905.05,3808.86,3855.76,3855.76,6558020000,4007.73,3976.63,3903.22
2023-03-14,3894.01,3937.29,3873.63,3919.29,3919.29,5665870000,3996.83,3975.36,3903.75
2023-03-15,3876.74,3894.26,3838.24,3891.93,3891.93,6594010000,3984.62,3975.3,3904.6
2023-03-16,3878.93,3964.46,3864.11,3960.28,3960.28,5695790000,3975.25,3977.09,3906.29
2023-03-17,3958.69,3958.91,3901.27,3916.64,3916.64,9354280000,3966.56,3978.74,3908.15
2023-03-20,3917.47,3956.62,3916.89,3951.57,3951.57,5347140000,3960.19,3980.91,3910.62
2023-03-21,3975.89,4009.08,3971.19,4002.87,4002.87,4920240000,3960.46,3982.98,3913.58
2023-03-22,4002.04,4039.49,3936.17,3936.97,3936.97,4533010000,3957.76,3984.89,3915.4
2023-03-23,3959.21,4007.66,3919.05,3948.72,3948.72,4991600000,3954.58,3986.63,3917.97
2023-03-24,3939.21,3972.74,3909.16,3970.99,3970.99,4583970000,3954.63,3988.99,3921.18
2023-03-27,3982.93,4003.83,3970.49,3977.53,3977.53,4233540000,3954.39,3992.23,3923.67
2023-03-28,3974.13,3979.2,3951.53,3971.27,3971.27,4014600000,3954.45,3994.26,3925.18
2023-03-29,3999.53,4030.59,3999.53,4027.81,4027.81,4145250000,3958.27,3997.4,3927.21
2023-03-30,4046.74,4057.85,4032.1,4050.83,4050.83,3930860000,3961.74,4001.18,3929.77
2023-03-31,4056.18,4110.75,4056.18,4109.31,4109.31,4525120000,3964.92,4005.45,3933.68
2023-04-03,4102.2,4127.66,4098.79,4124.51,4124.51,4234700000,3968.73,4010.72,3937.95
2023-04-04,4128.03,4133.13,4086.87,4100.6,4100.6,4227800000,3974.44,4014.15,3942.21
2023-04-05,4094.5,4099.69,4072.56,4090.38,4090.38,3968020000,3979.36,4017.45,3946.49
2023-04-06,4081.15,4107.32,4069.84,4105.02,4105.02,3486690000,3988.69,4020.55,3950.12
2023-04-10,4085.2,4109.5,4072.55,4109.11,4109.11,3423650000,4001.07,4022.87,3954.5
2023-04-11,4110.29,4124.26,4102.61,4108.94,4108.94,3665830000,4013.73,4024.97,3958.09
2023-04-12,4121.72,4134.37,4086.94,4091.95,4091.95,3633120000,4022.36,4026.52,3961.19
2023-04-13,4100.04,4150.26,4099.4,4146.22,4146.22,3596590000,4035.08,4029.1,3964.95
2023-04-14,4140.11,4163.19,4113.2,4137.64,4137.64,3575690000,4043.94,4032.58,3968.88
2023-04-17,4137.17,4151.72,4123.18,4151.32,4151.32,3611180000,4055.68,4036.79,3972.2
2023-04-18,4164.26,4169.48,4140.36,4154.87,4154.87,3536640000,4065.84,4039.83,3975.18
2023-04-19,4139.33,4162.57,4134.49,4154.52,4154.52,3572560000,4073.43,4042.07,3977.64
2023-04-20,4130.48,4148.57,4114.57,4129.79,4129.79,3772080000,4083.07,4043.96,3980.14
2023-04-21,4132.14,4138.02,4113.86,4133.52,4133.52,3611750000,4092.31,4045.91,3982.86
2023-04-24,4132.07,4142.41,4117.77,4137.04,4137.04,3290940000,4100.61,4047.19,3984.82
2023-04-25,4126.43,4126.43,4071.38,4071.63,4071.63,3978640000,4105.31,4047.21,3986.49
2023-04-26,4087.78,4089.67,4049.35,4055.99,4055.99,3837030000,4109.55,4047.84,3988.15
2023-04-27,4075.29,4138.24,4075.29,4135.35,4135.35,3750550000,4114.93,4048.82,3991.28
2023-04-28,4129.63,4170.06,4127.18,4169.48,4169.48,4087800000,4120.86,4049.66,3995.03
2023-05-01,4166.79,4186.92,4164.12,4167.87,4167.87,3321370000,4123.79,4049.46,3998.34
2023-05-02,4164.1,4164.1,4089.72,4119.58,4119.58,4486130000,4123.54,4049.18,4000.95
2023-05-03,4122.25,4148.3,4088.86,4090.75,4090.75,4246510000,4123.05,4048.84,4003.14
2023-05-04,4082.55,4082.61,4048.28,4061.22,4061.22,4920090000,4121.59,4047.13,4005.74
2023-05-05,4084.73,4147.02,4084.73,4136.25,4136.25,4186270000,4123.15,4047.43,4007.24
2023-05-08,4136.98,4142.3,4123.81,4138.12,4138.12,3641640000,4124.6,4048.38,4008.45
2023-05-09,4124.25,4130.35,4116.65,4119.17,4119.17,3810140000,4125.11,4048.86,4009.8
2023-05-10,4143.74,4154.28,4098.92,4137.64,4137.64,4057160000,4127.4,4048.86,4011.01
2023-05-11,4132.24,4132.8,4109.29,4130.62,4130.62,3752900000,4126.62,4048.77,4012.45
2023-05-12,4138.54,4143.74,4099.12,4124.08,4124.08,3533740000,4125.94,4048.38,4013.93
2023-05-15,4126.65,4141.25,4110.27,4136.28,4136.28,3562170000,4125.19,4049.14,4015.35
2023-05-16,4127.95,4135.54,4109.86,4109.9,4109.9,3654200000,4122.94,4049.66,4016.68
2023-05-17,4122.85,4164.67,4113.62,4158.77,4158.77,4039080000,4123.15,4052.35,4017.98
2023-05-18,4157.68,4202.2,4153.5,4198.05,4198.05,3980500000,4126.57,4055.8,4019.4
2023-05-19,4204.15,4212.91,4180.2,4191.98,4191.98,4041900000,4129.49,4058.79,4020.78
2023-05-22,4190.78,4209.22,4179.68,4192.63,4192.63,3728520000,4132.27,4062.5,4022.69
2023-05-23,4176.8,4185.68,4142.54,4145.58,4145.58,4155320000,4135.97,4065.22,4024.25
2023-05-24,4132.96,4132.96,4103.98,4115.24,4115.24,3739160000,4138.93,4067.64,4024.55
2023-05-25,4155.71,4165.74,4129.73,4151.28,4151.28,4147760000,4139.72,4070.97,4025.17
2023-05-26,4156.16,4212.87,4156.16,4205.45,4205.45,3715460000,4141.52,4074.71,4026.28
2023-05-30,4226.71,4231.1,4192.18,4205.52,4205.52,4228510000,4143.41,4077.37,4028.01
2023-05-31,4190.74,4195.44,4166.15,4179.83,4179.83,5980670000,4146.42,4079.56,4029.99
2023-06-01,4183.03,4232.43,4171.64,4221.02,4221.02,4391860000,4152.93,4083.47,4032.39
2023-06-02,4241.01,4290.67,4241.01,4282.37,4282.37,4454200000,4163.99,4088.31,4035.04
2023-06-05,4282.99,4299.28,4266.82,4273.79,4273.79,3813290000,4170.87,4094.24,4037.87
2023-06-06,4271.34,4288.33,4263.09,4283.85,4283.85,3996560000,4178.15,4101.27,4040.32
2023-06-07,4285.47,4299.19,4263.96,4267.52,4267.52,4537800000,4185.57,4108.14,4042.38
2023-06-08,4268.69,4298.01,4261.07,4293.93,4293.93,3826740000,4193.38,4114.38,4044.87
2023-06-09,4304.88,4322.62,4291.7,4298.86,4298.86,3786510000,4201.8,4121.16,4048.23
2023-06-12,4308.32,4340.13,4304.37,4338.93,4338.93,3945670000,4212.54,4127.47,4052.28
2023-06-13,4352.61,4375.37,4349.31,4369.01,4369.01,4275400000,4224.18,4135.01,4056.88
2023-06-14,4366.29,4391.82,4337.85,4372.59,4372.59,4252110000,4237.31,4142.03,4061.47
2023-06-15,4365.33,4439.2,4362.6,4425.84,4425.84,4176690000,4250.66,4149.08,4066.03
2023-06-16,4440.95,4448.47,4407.44,4409.59,4409.59,6848600000,4261.24,4156.96,4070.93
2023-06-20,4396.11,4400.15,4367.19,4388.71,4388.71,4055790000,4271.08,4164.29,4075.46
2023-06-21,4380.01,4386.22,4360.14,4365.69,4365.69,3709330000,4279.73,4170.87,4079.93
2023-06-22,4355.4,4382.25,4351.82,4381.89,4381.89,3511000000,4291.55,4177.61,4084.92
2023-06-23,4354.17,4366.55,4341.34,4348.33,4348.33,6053620000,4303.2,4183.89,4089.08
2023-06-26,4344.84,4362.06,4328.08,4328.82,4328.82,3415030000,4312.08,4188.91,4093.15
2023-06-27,4337.36,4384.42,4335,4378.41,4378.41,3573500000,4320.73,4194.37,4097.77
2023-06-28,4367.48,4390.35,4360.22,4376.86,4376.86,3739330000,4329.29,4198.83,4102.14
2023-06-29,4374.94,4398.39,4371.97,4396.44,4396.44,3696660000,4340.12,4203.36,4107.04
2023-06-30,4422.44,4458.48,4422.44,4450.38,4450.38,3923450000,4351.59,4209.19,4111.67
2023-07-03,4450.48,4456.46,4442.29,4455.59,4455.59,2034280000,4360.25,4215.28,4116.36
2023-07-05,4442.04,4454.06,4436.61,4446.82,4446.82,3482620000,4368.9,4220.97,4120.76
2023-07-06,4422.62,4422.62,4385.05,4411.59,4411.59,3682020000,4375.29,4226.02,4124.44
2023-07-07,4404.54,4440.39,4397.4,4398.95,4398.95,3630480000,4381.86,4230.85,4127.91
2023-07-10,4394.23,4412.6,4389.92,4409.53,4409.53,3429600000,4387.64,4236.14,4131.33
2023-07-11,4415.55,4443.64,4408.46,4439.26,4439.26,3624220000,4394.66,4241.03,4135.06
2023-07-12,4467.69,4488.34,4463.23,4472.16,4472.16,3920290000,4401.32,4246.6,4139.59
2023-07-13,4491.5,4517.38,4489.36,4510.04,4510.04,3839530000,4408.37,4252.58,4144.69
2023-07-14,4514.61,4527.76,4499.56,4505.42,4505.42,3647450000,4415.02,4258.42,4149.13
2023-07-17,4508.86,4532.85,4504.9,4522.79,4522.79,3538240000,4419.86,4264.56,4153.32
2023-07-18,4521.78,4562.3,4514.59,4554.98,4554.98,4090010000,4427.13,4271.65,4157.8
2023-07-19,4563.87,4578.43,4557.48,4565.72,4565.72,4115670000,4435.98,4278.85,4162.38
2023-07-20,4554.38,4564.74,4527.56,4534.87,4534.87,3761770000,4444.44,4285.48,4166.33
2023-07-21,4550.16,4555,4535.79,4536.34,4536.34,3570190000,4452.17,4293.23,4170.22
2023-07-24,4543.39,4563.41,4541.29,4554.64,4554.64,3856250000,4462.48,4301.54,4174.69
2023-07-25,4555.19,4580.62,4552.42,4567.46,4567.46,3812470000,4474.41,4308.74,4178.78
2023-07-26,4558.96,4582.47,4547.58,4566.75,4566.75,3990290000,4483.83,4315.36,4182.51
2023-07-27,4598.26,4607.07,4528.56,4537.41,4537.41,4553210000,4491.86,4321.52,4185.49
2023-07-28,4565.75,4590.16,4564.01,4582.23,4582.23,3981010000,4501.15,4329.23,4189.2
2023-07-31,4584.82,4594.22,4573.14,4588.96,4588.96,4503600000,4508.08,4337.53,4193.19
2023-08-01,4578.83,4584.62,4567.53,4576.73,4576.73,4042370000,4514.13,4346.12,4196.63
2023-08-02,4550.93,4550.93,4505.75,4513.39,4513.39,4270710000,4517.46,4352.41,4199.92
2023-08-03,4494.27,4519.49,4485.54,4501.89,4501.89,4149120000,4521.98,4358.47,4203.43
2023-08-04,4513.96,4540.34,4474.55,4478.03,4478.03,4143310000,4525.93,4364.45,4206.65
2023-08-07,4491.58,4519.84,4491.15,4518.44,4518.44,3493920000,4531.38,4370.8,4209.83
2023-08-08,4498.03,4503.31,4464.39,4499.38,4499.38,3884910000,4534.38,4376.95,4212.86
2023-08-09,4501.57,4502.44,4461.33,4467.71,4467.71,3803100000,4534.16,4382.67,4215.53
2023-08-10,4487.16,4527.37,4457.92,4468.83,4468.83,4504370000,4532.1,4388.22,4218.68
2023-08-11,4450.69,4476.23,4443.98,4464.05,4464.05,3753290000,4530.03,4394.12,4221.89
2023-08-14,4458.13,4490.33,4453.44,4489.72,4489.72,3896410000,4528.38,4399.63,4225.99
2023-08-15,4478.87,4478.87,4432.19,4437.86,4437.86,3832250000,4522.52,4403.63,4229.71
2023-08-16,4433.79,4449.95,4403.55,4404.33,4404.33,3753910000,4514.45,4407.17,4232.98
2023-08-17,4416.32,4421.17,4364.83,4370.36,4370.36,3943700000,4506.23,4410.13,4236.32
2023-08-18,4344.88,4381.82,4335.31,4369.71,4369.71,3940400000,4497.89,4413.87,4239.55
2023-08-21,4380.28,4407.55,4360.3,4399.77,4399.77,3726850000,4490.15,4418.61,4243.13
2023-08-22,4415.33,4418.59,4382.77,4387.55,4387.55,3522760000,4481.16,4422.55,4246.76
2023-08-23,4396.44,4443.18,4396.44,4436.01,4436.01,3837270000,4474.62,4426.39,4250.55
2023-08-24,4455.16,4458.3,4375.55,4376.31,4376.31,3723470000,4466.56,4429.24,4253.3
2023-08-25,4389.38,4418.46,4356.29,4405.71,4405.71,3296180000,4457.74,4433,4256.28
2023-08-28,4426.03,4439.56,4414.98,4433.31,4433.31,2957230000,4449.95,4436.54,4260.01
2023-08-29,4432.75,4500.14,4431.68,4497.63,4497.63,3354820000,4446,4440.13,4264.22
2023-08-30,4500.34,4521.65,4493.59,4514.87,4514.87,3064110000,4446.07,4444.15,4269.19
2023-08-31,4517.01,4532.26,4507.39,4507.66,4507.66,3946360000,4446.36,4447.88,4274.58
2023-09-01,4530.6,4541.25,4501.35,4515.77,4515.77,3246260000,4448.25,4452.01,4280.08
2023-09-05,4510.06,4514.29,4496.01,4496.83,4496.83,3526250000,4447.17,4455.4,4284.89
2023-09-06,4490.35,4490.35,4442.38,4465.48,4465.48,3418850000,4445.47,4458.17,4289.67
2023-09-07,4434.55,4457.81,4430.46,4451.14,4451.14,3763760000,4444.65,4460.04,4293.76
2023-09-08,4451.3,4473.53,4448.38,4457.49,4457.49,3259290000,4444.08,4461.52,4298.27
2023-09-11,4480.98,4490.77,4467.89,4487.46,4487.46,3369920000,4445.25,4463.43,4302.73
2023-09-12,4473.27,4487.11,4456.83,4461.9,4461.9,3435740000,4443.86,4464.03,4306.56
2023-09-13,4462.65,4479.39,4453.52,4467.44,4467.44,3529430000,4445.34,4465,4310.98
2023-09-14,4487.78,4511.99,4478.69,4505.1,4505.1,3648720000,4450.38,4466.94,4315.61
2023-09-15,4497.98,4497.98,4447.21,4450.32,4450.32,6932230000,4454.37,4468.35,4319.61
2023-09-18,4445.13,4466.36,4442.11,4453.53,4453.53,3161230000,4458.56,4469.54,4323.57
2023-09-19,4445.41,4449.85,4416.61,4443.95,4443.95,3614880000,4460.77,4471.13,4327.51
2023-09-20,4452.81,4461.03,4401.38,4402.2,4402.2,3308450000,4461.51,4472.36,4330.63
2023-09-21,4374.36,4375.7,4329.17,4330,4330,3662340000,4456.21,4471.55,4332.96
2023-09-22,4341.74,4357.4,4316.49,4320.06,4320.06,3349570000,4453.39,4470.6,4334.72
2023-09-25,4310.62,4338.51,4302.7,4337.44,4337.44,3195650000,4449.98,4469.62,4336.49
2023-09-26,4312.88,4313.01,4265.98,4273.53,4273.53,3472340000,4441.99,4466.67,4337.93
2023-09-27,4282.63,4292.07,4238.63,4274.51,4274.51,3875880000,4430.83,4463.66,4339.47
2023-09-28,4269.65,4317.27,4264.38,4299.7,4299.7,3846230000,4420.08,4461.2,4341.09
2023-09-29,4328.18,4333.15,4274.86,4288.05,4288.05,3865960000,4409.1,4459.14,4342.58
2023-10-02,4284.52,4300.58,4260.21,4288.39,4288.39,3938660000,4397.73,4457.3,4344.08
2023-10-03,4269.75,4281.15,4216.45,4229.45,4229.45,3953830000,4384.36,4454.3,4345.22
2023-10-04,4233.83,4268.5,4220.48,4263.75,4263.75,3777600000,4374.27,4451.38,4346.2
2023-10-05,4259.31,4267.13,4225.91,4258.19,4258.19,3581470000,4364.62,4447.81,4347.2
2023-10-06,4234.79,4324.1,4219.55,4308.5,4308.5,3902030000,4357.17,4444.45,4348.51
2023-10-09,4289.02,4341.73,4283.79,4335.66,4335.66,3174630000,4349.58,4441.62,4350.02
2023-10-10,4339.75,4385.46,4339.64,4358.24,4358.24,3520240000,4344.4,4438.88,4351.72
2023-10-11,4366.59,4378.64,4345.34,4376.95,4376.95,3601660000,4339.88,4435.91,4353.78
2023-10-12,4380.94,4385.85,4325.43,4349.61,4349.61,3713140000,4332.1,4432.31,4355.58
2023-10-13,4360.49,4377.1,4311.97,4327.78,4327.78,3566560000,4325.97,4428.86,4357.17
2023-10-16,4342.37,4383.33,4342.37,4373.63,4373.63,3409960000,4321.98,4426.15,4359.69
2023-10-17,4345.23,4393.57,4337.54,4373.2,4373.2,3794850000,4318.44,4423.12,4362.33
2023-10-18,4357.35,4364.2,4303.84,4314.6,4314.6,3686030000,4314.06,4418.91,4363.82
2023-10-19,4321.36,4339.54,4269.69,4278,4278,3969730000,4311.46,4414.1,4364.73
2023-10-20,4273.85,4276.56,4223.03,4224.16,4224.16,4004030000,4306.67,4408.87,4365.2
2023-10-23,4210.4,4255.84,4189.22,4217.04,4217.04,3776100000,4300.65,4402.79,4366.01
2023-10-24,4235.79,4259.38,4219.43,4247.68,4247.68,3821820000,4299.35,4397.1,4367.32
2023-10-25,4232.42,4232.42,4181.42,4186.77,4186.77,3869370000,4294.97,4390.6,4368.36
2023-10-26,4175.99,4183.6,4127.9,4137.23,4137.23,4277640000,4286.84,4384.33,4368.37
2023-10-27,4152.93,4156.7,4103.78,4117.37,4117.37,4019500000,4278.31,4377.92,4368.2
2023-10-30,4139.39,4177.47,4132.94,4166.82,4166.82,3911140000,4272.23,4372.74,4368.59
2023-10-31,4171.33,4195.55,4153.12,4193.8,4193.8,4249470000,4270.45,4367.32,4369.06
2023-11-01,4201.27,4245.64,4197.74,4237.86,4237.86,4224900000,4269.15,4362.97,4369.96
2023-11-02,4268.26,4319.72,4268.26,4317.78,4317.78,4669780000,4272.13,4360.47,4371.57
2023-11-03,4334.23,4373.62,4334.23,4358.34,4358.34,4570960000,4274.63,4358.63,4373.42
2023-11-06,4364.27,4372.21,4347.53,4365.98,4365.98,3656340000,4276.14,4356.99,4375.56
2023-11-07,4366.21,4386.26,4355.41,4378.38,4378.38,3791230000,4277.15,4355.14,4377.39
2023-11-08,4384.37,4391.2,4359.76,4382.78,4382.78,3729510000,4277.44,4354.22,4378.92
2023-11-09,4391.41,4393.4,4343.94,4347.35,4347.35,3900780000,4277.33,4353.27,4380.22
2023-11-10,4364.15,4418.03,4353.34,4415.24,4415.24,3665080000,4281.7,4354.02,4382.07
2023-11-13,4406.66,4421.76,4393.82,4411.55,4411.55,3326240000,4283.6,4354.71,4384.29
2023-11-14,4458.97,4508.67,4458.97,4495.7,4495.7,4700350000,4289.72,4356.31,4387.46
2023-11-15,4505.3,4521.17,4495.31,4502.88,4502.88,4347170000,4299.14,4358.23,4390.39
2023-11-16,4497.08,4511.99,4487.83,4508.24,4508.24,3964520000,4310.65,4359.44,4392.91
2023-11-17,4509.55,4520.12,4499.66,4514.02,4514.02,3777240000,4325.14,4361.73,4395.49
2023-11-20,4511.7,4557.11,4510.36,4547.38,4547.38,3644790000,4341.66,4364.09,4398.55
2023-11-21,4538.77,4542.14,4525.51,4538.19,4538.19,3511080000,4356.18,4365.84,4401.19
2023-11-22,4553.04,4568.43,4545.05,4556.62,4556.62,3042810000,4374.68,4366.83,4403.48
2023-11-24,4555.84,4560.31,4552.8,4559.34,4559.34,1639500000,4395.78,4367.57,4405.86
2023-11-27,4554.86,4560.52,4546.32,4550.43,4550.43,3403990000,4417.43,4368.28,4408.08
2023-11-28,4545.55,4568.14,4540.51,4554.89,4554.89,3586240000,4436.84,4368.93,4410.47
2023-11-29,4571.84,4587.64,4547.15,4550.58,4550.58,4418760000,4454.68,4369.83,4412.61
2023-11-30,4554.87,4569.89,4537.24,4567.8,4567.8,5399300000,4471.17,4371.53,4414.85
2023-12-01,4559.43,4599.39,4554.71,4594.63,4594.63,4397120000,4485.02,4373.92,4416.98
2023-12-04,4564.37,4572.37,4546.72,4569.78,4569.78,4369910000,4495.59,4375.8,4418.66
2023-12-05,4557.25,4578.56,4551.68,4567.18,4567.18,3909950000,4505.65,4377.12,4420.28
2023-12-06,4586.23,4590.74,4546.5,4549.34,4549.34,4245680000,4514.2,4378.58,4421.31
2023-12-07,4568.84,4590.92,4565.22,4585.59,4585.59,3818880000,4524.34,4380.55,4422.77
2023-12-08,4576.2,4609.23,4574.06,4604.37,4604.37,3707010000,4537.19,4382.21,4424.57
2023-12-11,4593.39,4623.71,4593.39,4622.44,4622.44,3823210000,4547.55,4385.07,4426.71
2023-12-12,4618.3,4643.93,4608.09,4643.7,4643.7,3808380000,4559.16,4388.24,4428.89
2023-12-13,4646.2,4709.69,4643.23,4707.09,4707.09,5063650000,4569.72,4392.63,4431.88
2023-12-14,4721.04,4738.57,4694.34,4719.55,4719.55,6314040000,4580.56,4397.92,4435.14
2023-12-15,4714.23,4725.53,4704.69,4719.19,4719.19,8218980000,4591.11,4404.41,4437.98
2023-12-18,4725.58,4749.52,4725.58,4740.56,4740.56,4060340000,4602.43,4411.41,4441.01
2023-12-19,4743.72,4768.69,4743.72,4768.37,4768.37,4026970000,4613.48,4418.6,4444.11
2023-12-20,4764.73,4778.01,4697.82,4698.35,4698.35,4201320000,4621.49,4425.68,4446.17
2023-12-21,4724.29,4748.71,4708.35,4746.75,4746.75,3431180000,4631,4433.55,4448.6
2023-12-22,4753.92,4772.94,4736.77,4754.63,4754.63,3046770000,4640.76,4441.13,4451.17
2023-12-26,4758.86,4784.72,4758.45,4774.75,4774.75,2513910000,4651.98,4449.24,4454.19
2023-12-27,4773.45,4785.39,4768.9,4781.58,4781.58,2748450000,4663.31,4457.46,4457.38
2023-12-28,4786.44,4793.3,4780.98,4783.35,4783.35,2698860000,4674.95,4466.69,4460.5
2023-12-29,4782.88,4788.43,4751.99,4769.83,4769.83,3126060000,4685.05,4475.13,4463.25
2024-01-02,4745.2,4754.33,4722.67,4742.83,4742.83,3743050000,4692.46,4483.2,4465.51
2024-01-03,4725.07,4729.29,4699.71,4704.81,4704.81,3950760000,4699.21,4489.81,4467.13
2024-01-04,4697.42,4726.78,4687.53,4688.68,4688.68,3715480000,4705.29,4495.69,4468.66
2024-01-05,4690.57,4721.49,4682.11,4697.24,4697.24,3844370000,4712.68,4501.34,4470.11
2024-01-08,4703.7,4764.54,4699.82,4763.54,4763.54,3742320000,4721.58,4507.79,4471.85
2024-01-09,4741.93,4765.47,4730.35,4756.5,4756.5,3529960000,4729.19,4514.57,4473.44
2024-01-10,4759.94,4790.8,4756.2,4783.45,4783.45,3498680000,4737.24,4522.16,4475.51
2024-01-11,4792.13,4798.5,4739.58,4780.24,4780.24,3759890000,4744.06,4528.94,4477.54
2024-01-12,4791.18,4802.4,4768.98,4783.83,4783.83,3486340000,4747.9,4535.78,4479.45
2024-01-16,4772.35,4782.34,4747.12,4765.98,4765.98,4260550000,4750.22,4543.31,4481.11
2024-01-17,4739.13,4744.23,4714.82,4739.21,4739.21,3928600000,4751.22,4550.99,4482.54
2024-01-18,4760.1,4785.79,4740.57,4780.94,4780.94,4019000000,4753.24,4560.27,4484.57
2024-01-19,4796.28,4842.07,4785.87,4839.81,4839.81,4287200000,4756.82,4570.65,4486.72
2024-01-22,4853.42,4868.41,4844.05,4850.43,4850.43,4297610000,4764.42,4580.7,4488.9
2024-01-23,4856.8,4866.48,4844.37,4864.6,4864.6,3912800000,4770.31,4591.99,4491.3
2024-01-24,4888.56,4903.68,4865.94,4868.55,4868.55,4330030000,4776.01,4604.18,4494.26
2024-01-25,4886.66,4898.15,4869.34,4894.16,4894.16,4020430000,4781.98,4617.13,4497.53
2024-01-26,4888.91,4906.69,4881.47,4890.97,4890.97,3353400000,4787.45,4629.2,4500.97
2024-01-29,4892.95,4929.31,4887.4,4927.93,4927.93,3525160000,4794.68,4641.43,4504.38
2024-01-30,4925.89,4931.09,4916.27,4924.97,4924.97,3836130000,4802.43,4652.89,4507.93
2024-01-31,4899.19,4906.75,4845.15,4845.65,4845.65,4696120000,4807.57,4661.68,4511.08
